stableOccurrenceId,postNum,fullSentence,storedFragment,directivePhrase,startOffset,endOffset,authorshipState,sourceType,contextBefore,contextAfter,fragmentClass,sentencesOnLine,shadowRulingForReference,proposedRuling,reason
"1#0","1","Expect massive riots organized in defiance and others fleeing the US to occur.","Expect massive riots organized in defiance and others fleeing the US to occur.","Expect massive riots organized in defiance and others fleeing the US to occur.","165","243","Q_AUTHORED_CURRENT_POST","Q_BODY","Passport approved to be flagged effective 10/30 @ 12:01am.","US M’s will conduct the operation while NG activated.","SENTENCE_ON_SHARED_LINE","5","KEEP_Q_DIRECTIVE","",""
"1#1","1","Proof check: Locate a NG member and ask if activated for duty 10/30 across most major cities.","Proof check: Locate a NG member and ask if activated for duty 10/30 across most major cities.","Proof check: Locate a NG member and ask if activated for duty 10/30 across most major cities.","298","391","Q_AUTHORED_CURRENT_POST","Q_BODY","US M’s will conduct the operation while NG activated.","","SENTENCE_ON_SHARED_LINE","5","KEEP_Q_DIRECTIVE","",""
"10#1","10","Dig!!!!!","Dig!!!!!","Dig!!!!!","461","469","AMBIGUOUS_MULTIPLE_MATCHES","UNKNOWN","Repayment to those who donated for favors/access?","Again, good people were forced into bed with this evil under personal and family threats. Could you live with yourself helping to cover up such evil despicable acts if given a safe way out? These people worship Satan _ some openly show it.","SENTENCE_ON_SHARED_LINE","11","NEEDS_CONTEXT","",""
"117#0","117","Define.","Define.","Define.","14","21","Q_AUTHORED_CURRENT_POST","Q_BODY","What is HUMA?","What book was BO caught reading?","SENTENCE_ON_SHARED_LINE","2","KEEP_Q_DIRECTIVE","",""
"121#0","121","Compare.","Compare.","Compare.","34","42","Q_AUTHORED_CURRENT_POST","Q_BODY","List.","Laugh.","SENTENCE_ON_SHARED_LINE","4","KEEP_Q_DIRECTIVE","",""
"121#1","121","List.","List.","List.","28","33","Q_AUTHORED_CURRENT_POST","Q_BODY","What do you need an ID for?","Compare.","SENTENCE_ON_SHARED_LINE","4","KEEP_Q_DIRECTIVE","",""
"121#2","121","Laugh.","Laugh.","Laugh.","43","49","Q_AUTHORED_CURRENT_POST","Q_BODY","Compare.","What is the argument for not allowing voter ID laws to be enacted?","SENTENCE_ON_SHARED_LINE","4","KEEP_Q_DIRECTIVE","",""
"1252#1","1252","It’s time to learn the TRUTH.","Learn the TRUTH.","learn the TRUTH.","13","29","Q_AUTHORED_CURRENT_POST","Q_BODY","","Why are D’s inspiring activist groups to remove history re: slavery?","MID_SENTENCE_FRAGMENT","1","NEEDS_FRAGMENT_REVIEW","",""
"13#1","13","God bless, Patriots.","God bless, Patriots.","God bless, Patriots.","79","99","Q_AUTHORED_CURRENT_POST","Q_BODY","I’ve said too much.","","SENTENCE_ON_SHARED_LINE","3","REMOVE_BLESSING_OR_VALEDICTION","",""
"1359#0","1359","Trade between Germany and Iran reached 3.4 billion euros ($4 billion) last year, according to BGA, another foreign trade association.”","Trade between Germany and Iran reached 3.4 billion euros ($4 billion) last year, according to BGA, another foreign trade association.""","Trade between Germany and Iran reached 3.4 billion euros ($4 billion) last year, according to BGA, another foreign trade association.”","163","297","QUOTED_OR_EMBEDDED","QUOTED_THIRD_PARTY","“A group representing German trade interests said the US decision to withdraw from the deal will hit German companies and urged the EU to protect their interests.","What about Total S.A.?","SENTENCE_ON_SHARED_LINE","2","REMOVE_QUOTED_OR_THIRD_PARTY","",""
"1432#0","1432","Put on the full armor of God so that you can take your stand against the devil’s schemes.","Put on the full armor of God so that you can take your stand against the devil's schemes.","Put on the full armor of God so that you can take your stand against the devil’s schemes.","57","146","QUOTED_OR_EMBEDDED","QUOTED_SCRIPTURE","""Finally, be strong in the Lord and in his mighty power.","For our struggle is not against flesh and blood, but against the rulers, against the authorities, against the powers of this dark world and against the spiritual forces of evil in the heavenly realms.","SENTENCE_ON_SHARED_LINE","9","REMOVE_QUOTED_SCRIPTURE","",""
"1432#1","1432","Stand firm then, with the belt of truth buckled around your waist, with the breastplate of righteousness in place, and with your feet fitted with the readiness that comes from the gospel of peace.","Stand firm then, with the belt of truth buckled around your waist, with the breastplate of righteousness in place, and with your feet fitted with the readiness that comes from the gospel of peace.","Stand firm then, with the belt of truth buckled around your waist, with the breastplate of righteousness in place, and with your feet fitted with the readiness that comes from the gospel of peace.","508","704","QUOTED_OR_EMBEDDED","QUOTED_SCRIPTURE","Therefore put on the full armor of God, so that when the day of evil comes, you may be able to stand your ground, and after you have done everything, to stand.","In addition to all this, take up the shield of faith, with which you can extinguish all the flaming arrows of the evil one.","SENTENCE_ON_SHARED_LINE","9","REMOVE_QUOTED_SCRIPTURE","",""
"1432#2","1432","Take the helmet of salvation and the sword of the Spirit, which is the word of God.","Take the helmet of salvation and the sword of the Spirit, which is the word of God.","Take the helmet of salvation and the sword of the Spirit, which is the word of God.","829","912","QUOTED_OR_EMBEDDED","QUOTED_SCRIPTURE","In addition to all this, take up the shield of faith, with which you can extinguish all the flaming arrows of the evil one.","And pray in the Spirit on all occasions with all kinds of prayers and requests.","SENTENCE_ON_SHARED_LINE","9","REMOVE_QUOTED_SCRIPTURE","",""
"15#0","15","Realize Soros, Clintons, Obama, Putin, etc. are all controlled by 3 families (the 4th was removed post Trump's victory).","Realize Soros, Clintons, Obama, Putin, etc. are all controlled by 3 families (the 4th was removed post Trump's victory).","Realize Soros, Clintons, Obama, Putin, etc. are all controlled by 3 families (the 4th was removed post Trump's victory).","137","257","Q_AUTHORED_CURRENT_POST","Q_BODY","The wizards and warlocks (inside term) will not allow another Satanic Evil POS control our country.","","SENTENCE_ON_SHARED_LINE","3","KEEP_Q_DIRECTIVE","",""
"153#1","153","Make a list.","Make a list.","Make a list.","54","66","Q_AUTHORED_CURRENT_POST","Q_BODY","When is it necessary and must be presented?","Laugh.","SENTENCE_ON_SHARED_LINE","4","KEEP_Q_DIRECTIVE","",""
"153#4","153","Laugh.","Laugh.","Laugh.","67","73","Q_AUTHORED_CURRENT_POST","Q_BODY","Make a list.","Reconcile.","SENTENCE_ON_SHARED_LINE","4","KEEP_Q_DIRECTIVE","",""
"16#1","16","Remember, AG Sessions cannot look like an impartial player that is out to get all former Obama team members as we need him for other important work.","Remember, AG Sessions cannot look like an impartial player that is out to get all former Obama team members as we need him for other important work.","Remember, AG Sessions cannot look like an impartial player that is out to get all former Obama team members as we need him for other important work.","235","383","Q_AUTHORED_CURRENT_POST","Q_BODY","This was always the priority.","All will come into focus and for anyone to think POTUS is not in control is kidding themselves.","SENTENCE_ON_SHARED_LINE","6","KEEP_Q_DIRECTIVE","",""
"1886#0","1886","Put on the full armor of God so that you can take your stand against the devil’s schemes.","Put on the full armor of God so that you can take your stand against the devil's schemes.","Put on the full armor of God so that you can take your stand against the devil’s schemes.","57","146","QUOTED_OR_EMBEDDED","QUOTED_SCRIPTURE","""Finally, be strong in the Lord and in his mighty power.","For our struggle is not against flesh and blood, but against the rulers, against the authorities, against the powers of this dark world and against the spiritual forces of evil in the heavenly realms.","SENTENCE_ON_SHARED_LINE","9","REMOVE_QUOTED_SCRIPTURE","",""
"1886#1","1886","Stand firm then, with the belt of truth buckled around your waist, with the breastplate of righteousness in place, and with your feet fitted with the readiness that comes from the gospel of peace.","Stand firm then, with the belt of truth buckled around your waist, with the breastplate of righteousness in place, and with your feet fitted with the readiness that comes from the gospel of peace.","Stand firm then, with the belt of truth buckled around your waist, with the breastplate of righteousness in place, and with your feet fitted with the readiness that comes from the gospel of peace.","508","704","QUOTED_OR_EMBEDDED","QUOTED_SCRIPTURE","Therefore put on the full armor of God, so that when the day of evil comes, you may be able to stand your ground, and after you have done everything, to stand.","In addition to all this, take up the shield of faith, with which you can extinguish all the flaming arrows of the evil one.","SENTENCE_ON_SHARED_LINE","9","REMOVE_QUOTED_SCRIPTURE","",""
"1886#2","1886","Take the helmet of salvation and the sword of the Spirit, which is the word of God.","Take the helmet of salvation and the sword of the Spirit, which is the word of God.","Take the helmet of salvation and the sword of the Spirit, which is the word of God.","829","912","QUOTED_OR_EMBEDDED","QUOTED_SCRIPTURE","In addition to all this, take up the shield of faith, with which you can extinguish all the flaming arrows of the evil one.","And pray in the Spirit on all occasions with all kinds of prayers and requests.","SENTENCE_ON_SHARED_LINE","9","REMOVE_QUOTED_SCRIPTURE","",""
"2#0","2","Follow Huma.","Follow Huma.","Follow Huma.","15","27","Q_AUTHORED_CURRENT_POST","Q_BODY","Where is Huma?","This has nothing to do w/ Russia (yet).","SENTENCE_ON_SHARED_LINE","2","KEEP_Q_DIRECTIVE","",""
"22#0","22","Study and prepare.","Study and prepare.","Study and prepare.","41","59","Q_AUTHORED_CURRENT_POST","Q_BODY","Biggest drop to ever be provided on Pol.","The masses tend to panic in such situations.","SENTENCE_ON_SHARED_LINE","6","KEEP_Q_DIRECTIVE","",""
"22#1","22","Clean and swift.","Clean and swift.","Clean and swift.","130","146","Q_AUTHORED_CURRENT_POST","Q_BODY","No civil unrest.","","SENTENCE_ON_SHARED_LINE","6","KEEP_Q_DIRECTIVE","",""
"2397#4","2397","VOTE!","VOTE!","VOTE!","6","11","Q_AUTHORED_CURRENT_POST","Q_BODY","VOTE!","VOTE!","SENTENCE_ON_SHARED_LINE","3","KEEP_Q_DIRECTIVE","",""
"2397#5","2397","VOTE!","VOTE!","VOTE!","12","17","Q_AUTHORED_CURRENT_POST","Q_BODY","VOTE!","Q","SENTENCE_ON_SHARED_LINE","3","KEEP_Q_DIRECTIVE","",""
"2398#2","2398","VOTE!","VOTE!","VOTE!","6","11","Q_AUTHORED_CURRENT_POST","Q_BODY","VOTE!","VOTE!","SENTENCE_ON_SHARED_LINE","3","KEEP_Q_DIRECTIVE","",""
"2398#3","2398","VOTE!","VOTE!","VOTE!","12","17","Q_AUTHORED_CURRENT_POST","Q_BODY","VOTE!","Q","SENTENCE_ON_SHARED_LINE","3","KEEP_Q_DIRECTIVE","",""
"2403#0","2403","Put on the full armor of God so that you can take your stand against the devil’s schemes.","Put on the full armor of God so that you can take your stand against the devil's schemes.","Put on the full armor of God so that you can take your stand against the devil’s schemes.","57","146","QUOTED_OR_EMBEDDED","QUOTED_SCRIPTURE","""Finally, be strong in the Lord and in his mighty power.","For our struggle is not against flesh and blood, but against the rulers, against the authorities, against the powers of this dark world and against the spiritual forces of evil in the heavenly realms.","SENTENCE_ON_SHARED_LINE","9","REMOVE_QUOTED_SCRIPTURE","",""
"2403#1","2403","Stand firm then, with the belt of truth buckled around your waist, with the breastplate of righteousness in place, and with your feet fitted with the readiness that comes from the gospel of peace.","Stand firm then, with the belt of truth buckled around your waist, with the breastplate of righteousness in place, and with your feet fitted with the readiness that comes from the gospel of peace.","Stand firm then, with the belt of truth buckled around your waist, with the breastplate of righteousness in place, and with your feet fitted with the readiness that comes from the gospel of peace.","508","704","QUOTED_OR_EMBEDDED","QUOTED_SCRIPTURE","Therefore put on the full armor of God, so that when the day of evil comes, you may be able to stand your ground, and after you have done everything, to stand.","In addition to all this, take up the shield of faith, with which you can extinguish all the flaming arrows of the evil one.","SENTENCE_ON_SHARED_LINE","9","REMOVE_QUOTED_SCRIPTURE","",""
"2403#2","2403","Take the helmet of salvation and the sword of the Spirit, which is the word of God.","Take the helmet of salvation and the sword of the Spirit, which is the word of God.","Take the helmet of salvation and the sword of the Spirit, which is the word of God.","829","912","QUOTED_OR_EMBEDDED","QUOTED_SCRIPTURE","In addition to all this, take up the shield of faith, with which you can extinguish all the flaming arrows of the evil one.","And pray in the Spirit on all occasions with all kinds of prayers and requests.","SENTENCE_ON_SHARED_LINE","9","REMOVE_QUOTED_SCRIPTURE","",""
"2418#1","2418","VOTE!","VOTE!","VOTE!","6","11","Q_AUTHORED_CURRENT_POST","Q_BODY","VOTE!","VOTE!","SENTENCE_ON_SHARED_LINE","3","KEEP_Q_DIRECTIVE","",""
"2418#2","2418","VOTE!","VOTE!","VOTE!","12","17","Q_AUTHORED_CURRENT_POST","Q_BODY","VOTE!","Q","SENTENCE_ON_SHARED_LINE","3","KEEP_Q_DIRECTIVE","",""
"2425#1","2425","VOTE!","VOTE!","VOTE!","6","11","Q_AUTHORED_CURRENT_POST","Q_BODY","VOTE!","VOTE!","SENTENCE_ON_SHARED_LINE","3","KEEP_Q_DIRECTIVE","",""
"2425#2","2425","VOTE!","VOTE!","VOTE!","12","17","Q_AUTHORED_CURRENT_POST","Q_BODY","VOTE!","VOTE! VOTE! VOTE!","SENTENCE_ON_SHARED_LINE","3","KEEP_Q_DIRECTIVE","",""
"2425#4","2425","VOTE!","VOTE!","VOTE!","6","11","Q_AUTHORED_CURRENT_POST","Q_BODY","VOTE!","VOTE!","SENTENCE_ON_SHARED_LINE","3","KEEP_Q_DIRECTIVE","",""
"2425#5","2425","VOTE!","VOTE!","VOTE!","12","17","Q_AUTHORED_CURRENT_POST","Q_BODY","VOTE!","VOTE! VOTE! VOTE!","SENTENCE_ON_SHARED_LINE","3","KEEP_Q_DIRECTIVE","",""
"2425#7","2425","VOTE!","VOTE!","VOTE!","6","11","Q_AUTHORED_CURRENT_POST","Q_BODY","VOTE!","VOTE!","SENTENCE_ON_SHARED_LINE","3","KEEP_Q_DIRECTIVE","",""
"2425#8","2425","VOTE!","VOTE!","VOTE!","12","17","Q_AUTHORED_CURRENT_POST","Q_BODY","VOTE!","Will you answer the call?","SENTENCE_ON_SHARED_LINE","3","KEEP_Q_DIRECTIVE","",""
"2437#4","2437","VOTE!","VOTE!","VOTE!","6","11","Q_AUTHORED_CURRENT_POST","Q_BODY","VOTE!","VOTE!","SENTENCE_ON_SHARED_LINE","3","KEEP_Q_DIRECTIVE","",""
"2437#5","2437","VOTE!","VOTE!","VOTE!","12","17","Q_AUTHORED_CURRENT_POST","Q_BODY","VOTE!","JUSTICE COMING.","SENTENCE_ON_SHARED_LINE","3","KEEP_Q_DIRECTIVE","",""
"25#2","25","Keep up the good fight.","Keep up the good fight.","Keep up the good fight.","45","68","Q_AUTHORED_CURRENT_POST","Q_BODY","We all sincerely appreciate the work you do.","The flow of information is vital.","SENTENCE_ON_SHARED_LINE","3","KEEP_Q_DIRECTIVE","",""
"26#1","26","Save & spread (once 11.3 verifies as 1st marker).","Save & spread (once 11.3 verifies as 1st marker).","Save & spread (once 11.3 verifies as 1st marker).","48","97","Q_AUTHORED_CURRENT_POST","Q_BODY","Fully controlled.","Biggest advanced drop on Pol.","SENTENCE_ON_SHARED_LINE","3","KEEP_Q_DIRECTIVE","",""
"2660#0","2660","Read the warning label.","Read the warning label.","Read the warning label.","36","59","Q_AUTHORED_CURRENT_POST","Q_BODY","Smoking can be bad for your health.","Deboard train and walk away.","SENTENCE_ON_SHARED_LINE","4","KEEP_Q_DIRECTIVE","",""
"2661#0","2661","Regular service appointments should be made in order to maintain functionality.","Regular service appointments should be made in order to maintain functionality.","Regular service appointments should be made in order to maintain functionality.","174","253","Q_AUTHORED_CURRENT_POST","Q_BODY","However, the clock is ticking, and, at a select point in time, that option will be expired.","Q","SENTENCE_ON_SHARED_LINE","4","KEEP_Q_DIRECTIVE","",""
"2682#2","2682","See above re: Control.","See above re: Control.","See above re: Control.","5","27","Q_AUTHORED_CURRENT_POST","Q_BODY","Why?","Transparency is the only way forward.","SENTENCE_ON_SHARED_LINE","2","KEEP_Q_DIRECTIVE","",""
"28#0","28","Picture being painted.","Picture being painted.","Picture being painted.","11","33","Q_AUTHORED_CURRENT_POST","Q_BODY","Well done.","","SENTENCE_ON_SHARED_LINE","2","KEEP_Q_DIRECTIVE","",""
"2904#0","2904","Put on the full armor of God, so that you can take your stand against the devil’s schemes.","Put on the full armor of God, so that you can take your stand against the devil's schemes.","Put on the full armor of God, so that you can take your stand against the devil’s schemes.","56","146","QUOTED_OR_EMBEDDED","QUOTED_SCRIPTURE","Finally, be strong in the Lord and in his mighty power.","For our struggle is not against flesh and blood, but against the rulers, against the authorities, against the powers of this dark world and against the spiritual forces of evil in the heavenly realms.","SENTENCE_ON_SHARED_LINE","9","REMOVE_QUOTED_SCRIPTURE","",""
"2904#1","2904","Stand firm then, with the belt of truth buckled around your waist, with the breastplate of righteousness in place, and with your feet fitted with the readiness that comes from the gospel of peace.","Stand firm then, with the belt of truth buckled around your waist, with the breastplate of righteousness in place, and with your feet fitted with the readiness that comes from the gospel of peace.","Stand firm then, with the belt of truth buckled around your waist, with the breastplate of righteousness in place, and with your feet fitted with the readiness that comes from the gospel of peace.","508","704","QUOTED_OR_EMBEDDED","QUOTED_SCRIPTURE","Therefore put on the full armor of God, so that when the day of evil comes, you may be able to stand your ground, and after you have done everything, to stand.","In addition to all this, take up the shield of faith, with which you can extinguish all the flaming arrows of the evil one.","SENTENCE_ON_SHARED_LINE","9","REMOVE_QUOTED_SCRIPTURE","",""
"2904#2","2904","Take the helmet of salvation and the sword of the Spirit, which is the word of God.","Take the helmet of salvation and the sword of the Spirit, which is the word of God.","Take the helmet of salvation and the sword of the Spirit, which is the word of God.","829","912","QUOTED_OR_EMBEDDED","QUOTED_SCRIPTURE","In addition to all this, take up the shield of faith, with which you can extinguish all the flaming arrows of the evil one.","And pray in the Spirit on all occasions with all kinds of prayers and requests.","SENTENCE_ON_SHARED_LINE","9","REMOVE_QUOTED_SCRIPTURE","",""
"30#0","30","Think xkeysc on steroids.","Think xkeysc on steroids.","Think xkeysc on steroids.","145","170","Q_AUTHORED_CURRENT_POST","Q_BODY","These keywords and questions are framed to reduce sniffer programs that continually absorb and analyze data then pushed to z terminals for eval.","","SENTENCE_ON_SHARED_LINE","2","KEEP_Q_DIRECTIVE","",""
"31#0","31","There is so much string pulling and blackmail that we need to cut these off to truly gain the power granted to us by the Patriots and hard working people of this great country.","There is so much string pulling and blackmail that we need to cut these off to truly gain the power granted to us by the Patriots and hard working people of this great country.","There is so much string pulling and blackmail that we need to cut these off to truly gain the power granted to us by the Patriots and hard working people of this great country.","250","426","Q_AUTHORED_CURRENT_POST","Q_BODY","Trump and others are working to balance the we’re doing well for America (for the common person to endorse) while at the same time purify our govt and remove the bad actors who are entrenched.","","SENTENCE_ON_SHARED_LINE","3","KEEP_Q_DIRECTIVE","",""
"33#2","33","God bless.","God bless.","God bless.","16","26","Q_AUTHORED_CURRENT_POST","Q_BODY","Take good care.","","SENTENCE_ON_SHARED_LINE","2","REMOVE_BLESSING_OR_VALEDICTION","",""
"34#0","34","Rest assured, the safety and well-being of every man, woman, and child of this country is being exhausted in full.","Rest assured, the safety and well-being of every man, woman, and child of this country is being exhausted in full.","Rest assured, the safety and well-being of every man, woman, and child of this country is being exhausted in full.","941","1055","Q_AUTHORED_CURRENT_POST","Q_BODY","False leaks have been made to retain several within the confines of the United States to prevent extradition and special operator necessity.","However, the atmosphere within the country will unfortunately be divided as so many have fallen for the corrupt and evil narrative that has long been broadcast.","SENTENCE_ON_SHARED_LINE","10","KEEP_Q_DIRECTIVE","",""
"35#0","35","Follow the questions from the previous thread(s) and remain calm, the primary targets are within DC and remain at the top (on both sides).","Follow the questions from the previous thread(s) and remain calm, the primary targets are within DC and remain at the top (on both sides).","Follow the questions from the previous thread(s) and remain calm, the primary targets are within DC and remain at the top (on both sides).","195","333","Q_AUTHORED_CURRENT_POST","Q_BODY","We cannot yet telegraph this message through normal methods for reasons I’m sure everyone here can understand.","The spill over in the streets will be quickly shut down.","SENTENCE_ON_SHARED_LINE","5","KEEP_Q_DIRECTIVE","",""
"35#1","35","Look for more false flags – stay alert, be vigilant, and above all, please pray.","Look for more false flags – stay alert, be vigilant, and above all, please pray.","Look for more false flags – stay alert, be vigilant, and above all, please pray.","391","471","Q_AUTHORED_CURRENT_POST","Q_BODY","The spill over in the streets will be quickly shut down.","","SENTENCE_ON_SHARED_LINE","5","KEEP_Q_DIRECTIVE","",""
"35#3","35","It is time to take back our country and make America great again.","It is time to take back our country and make America great again.","It is time to take back our country and make America great again.","165","230","Q_AUTHORED_CURRENT_POST","Q_BODY","POTUS will be well insulated/protected on AF1 and abroad (specific locations classified) while these operations are conducted due to the nature of the entrenchment.","Let us salute and pray for the brave men and women in uniform who will undertake this assignment to bring forth peace, unity, and return power to the people.","SENTENCE_ON_SHARED_LINE","3","KEEP_Q_DIRECTIVE","",""
"35#4","35","Let us salute and pray for the brave men and women in uniform who will undertake this assignment to bring forth peace, unity, and return power to the people.","Let us salute and pray for the brave men and women in uniform who will undertake this assignment to bring forth peace, unity, and return power to the people.","Let us salute and pray for the brave men and women in uniform who will undertake this assignment to bring forth peace, unity, and return power to the people.","231","388","Q_AUTHORED_CURRENT_POST","Q_BODY","It is time to take back our country and make America great again.","","SENTENCE_ON_SHARED_LINE","3","KEEP_DIRECTIVE_AND_RELIGIOUS_THEME","",""
"3593#0","3593","Put on the full armor of God, so that you can take your stand against the devil’s schemes.","Put on the full armor of God, so that you can take your stand against the devil's schemes.","Put on the full armor of God, so that you can take your stand against the devil’s schemes.","56","146","QUOTED_OR_EMBEDDED","QUOTED_SCRIPTURE","Finally, be strong in the Lord and in his mighty power.","For our struggle is not against flesh and blood, but against the rulers, against the authorities, against the powers of this dark world and against the spiritual forces of evil in the heavenly realms.","SENTENCE_ON_SHARED_LINE","7","REMOVE_QUOTED_SCRIPTURE","",""
"3593#1","3593","Stand firm then, with the belt of truth buckled around your waist, with the breastplate of righteousness in place, and with your feet fitted with the readiness that comes from the gospel of peace.","Stand firm then, with the belt of truth buckled around your waist, with the breastplate of righteousness in place, and with your feet fitted with the readiness that comes from the gospel of peace.","Stand firm then, with the belt of truth buckled around your waist, with the breastplate of righteousness in place, and with your feet fitted with the readiness that comes from the gospel of peace.","508","704","QUOTED_OR_EMBEDDED","QUOTED_SCRIPTURE","Therefore put on the full armor of God, so that when the day of evil comes, you may be able to stand your ground, and after you have done everything, to stand.","In addition to all this, take up the shield of faith, with which you can extinguish all the flaming arrows of the evil one.","SENTENCE_ON_SHARED_LINE","7","REMOVE_QUOTED_SCRIPTURE","",""
"3593#2","3593","Take the helmet of salvation and the sword of the Spirit, which is the word of God.","Take the helmet of salvation and the sword of the Spirit, which is the word of God.","Take the helmet of salvation and the sword of the Spirit, which is the word of God.","829","912","QUOTED_OR_EMBEDDED","QUOTED_SCRIPTURE","In addition to all this, take up the shield of faith, with which you can extinguish all the flaming arrows of the evil one.","Prepare.","SENTENCE_ON_SHARED_LINE","7","REMOVE_QUOTED_SCRIPTURE","",""
"3594#0","3594","Put on the full armor of God, so that you can take your stand against the devil’s schemes.","Put on the full armor of God, so that you can take your stand against the devil's schemes.","Put on the full armor of God, so that you can take your stand against the devil’s schemes.","56","146","QUOTED_OR_EMBEDDED","QUOTED_SCRIPTURE","Finally, be strong in the Lord and in his mighty power.","For our struggle is not against flesh and blood, but against the rulers, against the authorities, against the powers of this dark world and against the spiritual forces of evil in the heavenly realms.","SENTENCE_ON_SHARED_LINE","7","REMOVE_QUOTED_SCRIPTURE","",""
"3594#1","3594","Stand firm then, with the belt of truth buckled around your waist, with the breastplate of righteousness in place, and with your feet fitted with the readiness that comes from the gospel of peace.","Stand firm then, with the belt of truth buckled around your waist, with the breastplate of righteousness in place, and with your feet fitted with the readiness that comes from the gospel of peace.","Stand firm then, with the belt of truth buckled around your waist, with the breastplate of righteousness in place, and with your feet fitted with the readiness that comes from the gospel of peace.","508","704","QUOTED_OR_EMBEDDED","QUOTED_SCRIPTURE","Therefore put on the full armor of God, so that when the day of evil comes, you may be able to stand your ground, and after you have done everything, to stand.","In addition to all this, take up the shield of faith, with which you can extinguish all the flaming arrows of the evil one.","SENTENCE_ON_SHARED_LINE","7","REMOVE_QUOTED_SCRIPTURE","",""
"3594#2","3594","Take the helmet of salvation and the sword of the Spirit, which is the word of God.","Take the helmet of salvation and the sword of the Spirit, which is the word of God.","Take the helmet of salvation and the sword of the Spirit, which is the word of God.","829","912","QUOTED_OR_EMBEDDED","QUOTED_SCRIPTURE","In addition to all this, take up the shield of faith, with which you can extinguish all the flaming arrows of the evil one.","Prepare.","SENTENCE_ON_SHARED_LINE","7","REMOVE_QUOTED_SCRIPTURE","",""
"37#1","37","Let these coming days be remembered in our history as the time we fought to recapture the republic from those evil bad actors who for so long have sacrificed the good people of this land for their own personal gain.","Let these coming days be remembered in our history as the time we fought to recapture the republic from those evil bad actors who for so long have sacrificed the good people of this land for their own personal gain.","Let these coming days be remembered in our history as the time we fought to recapture the republic from those evil bad actors who for so long have sacrificed the good people of this land for their own personal gain.","50","265","Q_AUTHORED_CURRENT_POST","Q_BODY","We will never forget.","Fight the good fight.","SENTENCE_ON_SHARED_LINE","3","KEEP_Q_DIRECTIVE","",""
"3887#0","3887","Put on the full armor of God, so that you can take your stand against the devil’s schemes.","Put on the full armor of God, so that you can take your stand against the devil's schemes.","Put on the full armor of God, so that you can take your stand against the devil’s schemes.","56","146","QUOTED_OR_EMBEDDED","QUOTED_SCRIPTURE","Finally, be strong in the Lord and in his mighty power.","For our struggle is not against flesh and blood, but against the rulers, against the authorities, against the powers of this dark world and against the spiritual forces of evil in the heavenly realms.","SENTENCE_ON_SHARED_LINE","7","REMOVE_QUOTED_SCRIPTURE","",""
"3887#1","3887","Stand firm then, with the belt of truth buckled around your waist, with the breastplate of righteousness in place, and with your feet fitted with the readiness that comes from the gospel of peace.","Stand firm then, with the belt of truth buckled around your waist, with the breastplate of righteousness in place, and with your feet fitted with the readiness that comes from the gospel of peace.","Stand firm then, with the belt of truth buckled around your waist, with the breastplate of righteousness in place, and with your feet fitted with the readiness that comes from the gospel of peace.","508","704","QUOTED_OR_EMBEDDED","QUOTED_SCRIPTURE","Therefore put on the full armor of God, so that when the day of evil comes, you may be able to stand your ground, and after you have done everything, to stand.","In addition to all this, take up the shield of faith, with which you can extinguish all the flaming arrows of the evil one.","SENTENCE_ON_SHARED_LINE","7","REMOVE_QUOTED_SCRIPTURE","",""
"3887#2","3887","Take the helmet of salvation and the sword of the Spirit, which is the word of God.","Take the helmet of salvation and the sword of the Spirit, which is the word of God.","Take the helmet of salvation and the sword of the Spirit, which is the word of God.","829","912","QUOTED_OR_EMBEDDED","QUOTED_SCRIPTURE","In addition to all this, take up the shield of faith, with which you can extinguish all the flaming arrows of the evil one.","And pray in the Spirit on all occasions with all kinds of prayers and requests. With this in mind, be alert and always keep on praying for all the Lord’s people.","SENTENCE_ON_SHARED_LINE","7","REMOVE_QUOTED_SCRIPTURE","",""
"4#2","4","Sit back and enjoy the show.","Sit back and enjoy the show.","Sit back and enjoy the show.","25","53","Q_AUTHORED_CURRENT_POST","Q_BODY","Patriots are in control.","","SENTENCE_ON_SHARED_LINE","2","KEEP_Q_DIRECTIVE","",""
"41#0","41","Enjoy the crumbs.","Enjoy the crumbs.","Enjoy the crumbs.","294","311","Q_AUTHORED_CURRENT_POST","Q_BODY","Shocking no global news agency suspects we had nothing to do with it.","","SENTENCE_ON_SHARED_LINE","5","KEEP_Q_DIRECTIVE","",""
"4207#0","4207","Put on the full armor of God, so that you can take your stand against the devil’s schemes.","Put on the full armor of God, so that you can take your stand against the devil's schemes.","Put on the full armor of God, so that you can take your stand against the devil’s schemes.","56","146","QUOTED_OR_EMBEDDED","QUOTED_SCRIPTURE","Finally, be strong in the Lord and in his mighty power.","For our struggle is not against flesh and blood, but against the rulers, against the authorities, against the powers of this dark world and against the spiritual forces of evil in the heavenly realms.","SENTENCE_ON_SHARED_LINE","7","REMOVE_QUOTED_SCRIPTURE","",""
"4207#1","4207","Stand firm then, with the belt of truth buckled around your waist, with the breastplate of righteousness in place, and with your feet fitted with the readiness that comes from the gospel of peace.","Stand firm then, with the belt of truth buckled around your waist, with the breastplate of righteousness in place, and with your feet fitted with the readiness that comes from the gospel of peace.","Stand firm then, with the belt of truth buckled around your waist, with the breastplate of righteousness in place, and with your feet fitted with the readiness that comes from the gospel of peace.","508","704","QUOTED_OR_EMBEDDED","QUOTED_SCRIPTURE","Therefore put on the full armor of God, so that when the day of evil comes, you may be able to stand your ground, and after you have done everything, to stand.","In addition to all this, take up the shield of faith, with which you can extinguish all the flaming arrows of the evil one.","SENTENCE_ON_SHARED_LINE","7","REMOVE_QUOTED_SCRIPTURE","",""
"4207#2","4207","Take the helmet of salvation and the sword of the Spirit, which is the word of God.","Take the helmet of salvation and the sword of the Spirit, which is the word of God.","Take the helmet of salvation and the sword of the Spirit, which is the word of God.","829","912","QUOTED_OR_EMBEDDED","QUOTED_SCRIPTURE","In addition to all this, take up the shield of faith, with which you can extinguish all the flaming arrows of the evil one.","And pray in the Spirit on all occasions with all kinds of prayers and requests. With this in mind, be alert and always keep on praying for all the Lord’s people.","SENTENCE_ON_SHARED_LINE","7","REMOVE_QUOTED_SCRIPTURE","",""
"4255#0","4255","Go.","Go.","Go.","11","14","Q_AUTHORED_CURRENT_POST","Q_BODY","We.","One.","SENTENCE_ON_SHARED_LINE","7","KEEP_Q_DIRECTIVE","",""
"4255#1","4255","Go.","Go.","Go.","24","27","Q_AUTHORED_CURRENT_POST","Q_BODY","We.","All.","SENTENCE_ON_SHARED_LINE","7","KEEP_Q_DIRECTIVE","",""
"43#0","43","Watch for confirmations tomorrow.","Watch for confirmations tomorrow.","Watch for confirmations tomorrow.","434","467","Q_AUTHORED_CURRENT_POST","Q_BODY","Any military seen is for your protection as well as to demonstrate our resolve.","","SENTENCE_ON_SHARED_LINE","6","KEEP_Q_DIRECTIVE","",""
"4317#0","4317","Use corporate DNC media [MSM] push con","Use corporate DNC media [MSM] push con","Use corporate DNC media [MSM] push con","3","41","Q_AUTHORED_CURRENT_POST","Q_BODY","4.","Use 1, 2, 3 and 4 to drive echo-chamber false [idiotic] narrative bad [pro slavery][D]s switched to [R] party and good [anti-slavery][R]s switched to [D] party.","SENTENCE_ON_SHARED_LINE","2","KEEP_Q_DIRECTIVE","",""
"44#0","44","God bless.","God bless.","God bless.","84","94","Q_AUTHORED_CURRENT_POST","Q_BODY","Before POTUS departs on Friday he will be sending an important message via Twitter.","","SENTENCE_ON_SHARED_LINE","2","REMOVE_BLESSING_OR_VALEDICTION","",""
"4429#0","4429","Put on the full armor of God, so that you can take your stand against the devil’s schemes.","Put on the full armor of God, so that you can take your stand against the devil's schemes.","Put on the full armor of God, so that you can take your stand against the devil’s schemes.","56","146","QUOTED_OR_EMBEDDED","QUOTED_SCRIPTURE","Finally, be strong in the Lord and in his mighty power.","For our struggle is not against flesh and blood, but against the rulers, against the authorities, against the powers of this dark world and against the spiritual forces of evil in the heavenly realms.","SENTENCE_ON_SHARED_LINE","7","REMOVE_QUOTED_SCRIPTURE","",""
"4429#1","4429","Stand firm then, with the belt of truth buckled around your waist, with the breastplate of righteousness in place, and with your feet fitted with the readiness that comes from the gospel of peace.","Stand firm then, with the belt of truth buckled around your waist, with the breastplate of righteousness in place, and with your feet fitted with the readiness that comes from the gospel of peace.","Stand firm then, with the belt of truth buckled around your waist, with the breastplate of righteousness in place, and with your feet fitted with the readiness that comes from the gospel of peace.","508","704","QUOTED_OR_EMBEDDED","QUOTED_SCRIPTURE","Therefore put on the full armor of God, so that when the day of evil comes, you may be able to stand your ground, and after you have done everything, to stand.","In addition to all this, take up the shield of faith, with which you can extinguish all the flaming arrows of the evil one.","SENTENCE_ON_SHARED_LINE","7","REMOVE_QUOTED_SCRIPTURE","",""
"4437#0","4437","find('input.js-password-field').set(ENV['TWITTER_PASSWORD']) click_on('Log in') end","find('input.js-password-field').set(ENV['TWITTER_PASSWORD']) click_on('Log in') end","find('input.js-password-field').set(ENV['TWITTER_PASSWORD']) click_on('Log in') end","4","5","Q_AUTHORED_CURRENT_POST","CODE_OR_TECHNICAL_TEXT","find('input.js-username-field').set(ENV['TWITTER_USERNAME'])","def enter_url_and_click_preview(url)","MID_SENTENCE_FRAGMENT","1","REMOVE_CODE_OR_TECHNICAL_TEXT","",""
"4437#1","4437","end","end","end","2","5","Q_AUTHORED_CURRENT_POST","CODE_OR_TECHNICAL_TEXT","click_on('Log in')","def enter_url_and_click_preview(url)","MID_SENTENCE_FRAGMENT","1","REMOVE_CODE_OR_TECHNICAL_TEXT","",""
"4437#2","4437","find('input.js-username-field').set(ENV['TWITTER_USERNAME'])","find('input.js-username-field').set(ENV['TWITTER_USERNAME'])","find('input.js-username-field').set(ENV['TWITTER_USERNAME'])","4","64","Q_AUTHORED_CURRENT_POST","CODE_OR_TECHNICAL_TEXT","visit 'https://cards-dev.twitter.com/validator'","find('input.js-password-field').set(ENV['TWITTER_PASSWORD'])","MID_SENTENCE_FRAGMENT","1","REMOVE_CODE_OR_TECHNICAL_TEXT","",""
"4437#3","4437","find('input.js-password-field').set(ENV['TWITTER_PASSWORD'])","find('input.js-password-field').set(ENV['TWITTER_PASSWORD'])","find('input.js-password-field').set(ENV['TWITTER_PASSWORD'])","4","64","Q_AUTHORED_CURRENT_POST","CODE_OR_TECHNICAL_TEXT","find('input.js-username-field').set(ENV['TWITTER_USERNAME'])","click_on('Log in')","MID_SENTENCE_FRAGMENT","1","REMOVE_CODE_OR_TECHNICAL_TEXT","",""
"4437#4","4437","find('input.FormControl').set(url)","find('input.FormControl').set(url)","find('input.FormControl').set(url)","4","38","Q_AUTHORED_CURRENT_POST","CODE_OR_TECHNICAL_TEXT","def enter_url_and_click_preview(url)","click_on('Preview card')","MID_SENTENCE_FRAGMENT","1","REMOVE_CODE_OR_TECHNICAL_TEXT","",""
"4565#0","4565","Feed an addiction [controllable]","Feed an addiction [controllable]","Feed an addiction [controllable]","3","35","Q_AUTHORED_CURRENT_POST","Q_BODY","2.","Maxwell family background?","SENTENCE_ON_SHARED_LINE","2","KEEP_Q_DIRECTIVE","",""
"4566#0","4566","Do not think 'today' but rather 'after' today.","Do not think 'today' but rather 'after' today.","Do not think 'today' but rather 'after' today.","88","134","Q_AUTHORED_CURRENT_POST","Q_BODY","Counter-argument: Do not make statements based on assumption of 'worth' and/or 'value'.","ONE LEADS TO ANOTHER TO ANOTHER TO ANOTHER.","SENTENCE_ON_SHARED_LINE","2","KEEP_Q_DIRECTIVE","",""
"4620#0","4620","Test conditional limits of public acceptance [obey]","Test conditional limits of public acceptance [obey]","Test conditional limits of public acceptance [obey]","5","56","Q_AUTHORED_CURRENT_POST","Q_BODY","13.","14.	 Test conditional limits of public non_acceptance","SENTENCE_ON_SHARED_LINE","2","KEEP_Q_DIRECTIVE","",""
"4620#1","4620","Test conditional limits of public non_acceptance","Test conditional limits of public non_acceptance","Test conditional limits of public non_acceptance","5","53","Q_AUTHORED_CURRENT_POST","Q_BODY","14.","15.	 Test conditional limits of State authority [Gov-mayor]","SENTENCE_ON_SHARED_LINE","2","KEEP_Q_DIRECTIVE","",""
"4620#2","4620","Test conditional limits of State authority [Gov-mayor]","Test conditional limits of State authority [Gov-mayor]","Test conditional limits of State authority [Gov-mayor]","5","59","Q_AUTHORED_CURRENT_POST","Q_BODY","15.","16.	 Test conditional limits of Media [social] censorship","SENTENCE_ON_SHARED_LINE","2","KEEP_Q_DIRECTIVE","",""
"4620#3","4620","Test conditional limits of Media [social] censorship","Test conditional limits of Media [social] censorship","Test conditional limits of Media [social] censorship","5","57","Q_AUTHORED_CURRENT_POST","Q_BODY","16.","Who benefits the most?","SENTENCE_ON_SHARED_LINE","2","KEEP_Q_DIRECTIVE","",""
"4688#0","4688","Protect Biden from Ukraine scandal re: himself & son _C19 change of narrative","Protect Biden from Ukraine scandal re: himself & son _C19 change of narrative","Protect Biden from Ukraine scandal re: himself & son _C19 change of narrative","3","80","Q_AUTHORED_CURRENT_POST","Q_BODY","5.","6. Protect Biden from sexual assault allegation _C19 change narrative","SENTENCE_ON_SHARED_LINE","2","KEEP_Q_DIRECTIVE","",""
"4688#1","4688","Protect Biden from sexual assault allegation _C19 change narrative","Protect Biden from sexual assault allegation _C19 change narrative","Protect Biden from sexual assault allegation _C19 change narrative","3","69","Q_AUTHORED_CURRENT_POST","Q_BODY","6.","7. Protect and shelter #MeToo [D] created movement _preserve to target future [R] sexual assault allegations _allow hold vs Biden due to C19 narrative change","SENTENCE_ON_SHARED_LINE","2","KEEP_Q_DIRECTIVE","",""
"4688#2","4688","Protect and shelter #MeToo [D] created movement _preserve to target future [R] sexual assault allegations _allow hold vs Biden due to C19 narrative change","Protect and shelter #MeToo [D] created movement _preserve to target future [R] sexual assault allegations _allow hold vs Biden due to C19 narrative change","Protect and shelter #MeToo [D] created movement _preserve to target future [R] sexual assault allegations _allow hold vs Biden due to C19 narrative change","3","157","Q_AUTHORED_CURRENT_POST","Q_BODY","7.","8. Create non_digital pathway to rig 2020 Presidential election _engage 80 million mail-in-ballot distribution [coordinated as early as April/May] to sidestep election night defeat [no 'concede'] attempt ballot harvest media push 'we don't know how many ballots are left undelivered by postal service' re: legal challenge battleground states _stall_challenge_push division/chaos _CLAS1-99","SENTENCE_ON_SHARED_LINE","2","KEEP_Q_DIRECTIVE","",""
"4688#3","4688","Create non_digital pathway to rig 2020 Presidential election _engage 80 million mail-in-ballot distribution [coordinated as early as April/May] to sidestep election night defeat [no 'concede'] attempt ballot harvest media push 'we don't know how many ballots are left undelivered by postal service' re: legal challenge battleground states _stall_challenge_push division/chaos _CLAS1-99","Create non_digital pathway to rig 2020 Presidential election _engage 80 million mail-in-ballot distribution [coordinated as early as April/May] to sidestep election night defeat [no 'concede'] attempt ballot harvest media push 'we don't know how many ballots are left undelivered by postal service' re: legal challenge battleground states _stall_challenge_push division/chaos _CLAS1-99","Create non_digital pathway to rig 2020 Presidential election _engage 80 million mail-in-ballot distribution [coordinated as early as April/May] to sidestep election night defeat [no 'concede'] attempt ballot harvest media push 'we don't know how many ballots are left undelivered by postal service' re: legal challenge battleground states _stall_challenge_push division/chaos _CLAS1-99","3","388","Q_AUTHORED_CURRENT_POST","Q_BODY","8.","9. Create division hatred fear campaign primarily scare senior citizens from voting in person on election day _riots _protests _C19 death _eliminate enough senior [R] votes counteract [D] to [R] defection(s)","SENTENCE_ON_SHARED_LINE","2","KEEP_Q_DIRECTIVE","",""
"4688#4","4688","Create division hatred fear campaign primarily scare senior citizens from voting in person on election day _riots _protests _C19 death _eliminate enough senior [R] votes counteract [D] to [R] defection(s)","Create division hatred fear campaign primarily scare senior citizens from voting in person on election day _riots _protests _C19 death _eliminate enough senior [R] votes counteract [D] to [R] defection(s)","Create division hatred fear campaign primarily scare senior citizens from voting in person on election day _riots _protests _C19 death _eliminate enough senior [R] votes counteract [D] to [R] defection(s)","3","207","Q_AUTHORED_CURRENT_POST","Q_BODY","9.","10. Create impression country divided _use EU-early war election gaming tactics against current administration","SENTENCE_ON_SHARED_LINE","2","KEEP_Q_DIRECTIVE","",""
"4688#5","4688","Create impression country divided _use EU-early war election gaming tactics against current administration","Create impression country divided _use EU-early war election gaming tactics against current administration","Create impression country divided _use EU-early war election gaming tactics against current administration","4","110","Q_AUTHORED_CURRENT_POST","Q_BODY","10.","11. Propaganda blame attack current administration economic hardship(s), death toll, attack plan re: safety and wellbeing re: C19 failed _push Biden _stage Biden had answer to Pandemic early on _country will heal w: Biden victory _violence will end w: Biden victory","SENTENCE_ON_SHARED_LINE","2","KEEP_Q_DIRECTIVE","",""
"4688#6","4688","Change narrative 44 administration treason & corruption to POTUS C19 failure and death blame","Change narrative 44 administration treason & corruption to POTUS C19 failure and death blame","Change narrative 44 administration treason & corruption to POTUS C19 failure and death blame","4","96","Q_AUTHORED_CURRENT_POST","Q_BODY","12.","13. Isolate faithful from each other _remove ability to attend Church [house of worship]","SENTENCE_ON_SHARED_LINE","2","KEEP_Q_DIRECTIVE","",""
"4688#7","4688","Leave door open to Constitution crisis","Leave door open to Constitution crisis","Leave door open to Constitution crisis","4","42","Q_AUTHORED_CURRENT_POST","Q_BODY","15.","16. Avoid/delay public exposure of corruption & accountability _prevent loss of control/power","SENTENCE_ON_SHARED_LINE","2","KEEP_Q_DIRECTIVE","",""
"4688#8","4688","Avoid/delay public exposure of corruption & accountability _prevent loss of control/power","Avoid/delay public exposure of corruption & accountability _prevent loss of control/power","Avoid/delay public exposure of corruption & accountability _prevent loss of control/power","4","93","Q_AUTHORED_CURRENT_POST","Q_BODY","16.","17. Avoid/delay loss of US taxpayer trillions due to loss of control _inability to enact corrupt policy to send money overseas disguised as goodwill/climate _unregulated _no audit policy","SENTENCE_ON_SHARED_LINE","2","KEEP_Q_DIRECTIVE","",""
"4688#9","4688","Avoid/delay loss of US taxpayer trillions due to loss of control _inability to enact corrupt policy to send money overseas disguised as goodwill/climate _unregulated _no audit policy","Avoid/delay loss of US taxpayer trillions due to loss of control _inability to enact corrupt policy to send money overseas disguised as goodwill/climate _unregulated _no audit policy","Avoid/delay loss of US taxpayer trillions due to loss of control _inability to enact corrupt policy to send money overseas disguised as goodwill/climate _unregulated _no audit policy","4","186","Q_AUTHORED_CURRENT_POST","Q_BODY","17.","18.","SENTENCE_ON_SHARED_LINE","2","KEEP_Q_DIRECTIVE","",""
"4739#0","4739","Make me brave, so I can stand and fight the spiritual battles in my life and in our world.","Make me brave, so I can stand and fight the spiritual battles in my life and in our world.","Make me brave, so I can stand and fight the spiritual battles in my life and in our world.","90","180","QUOTED_OR_EMBEDDED","QUOTED_PRAYER","Forgive my sins, so that I may be clean in your righteousness.","Give me your wisdom and discernment so I won't be caught off guard.","SENTENCE_ON_SHARED_LINE","13","REMOVE_PRAYER_TEXT","",""
"4739#1","4739","Give me your wisdom and discernment so I won't be caught off guard.","Give me your wisdom and discernment so I won't be caught off guard.","Give me your wisdom and discernment so I won't be caught off guard.","181","248","QUOTED_OR_EMBEDDED","QUOTED_PRAYER","Make me brave, so I can stand and fight the spiritual battles in my life and in our world.","Together, Lord, we'll win, because in truth, you already have.","SENTENCE_ON_SHARED_LINE","13","REMOVE_PRAYER_TEXT","",""
"5#1","5","Note this doesn’t include massive slush funds that are pulled by several high ups.","Note this doesn't include massive slush funds that are pulled by several high ups.","Note this doesn’t include massive slush funds that are pulled by several high ups.","54","136","Q_AUTHORED_CURRENT_POST","Q_BODY","Why did Soros transfer his bulk public funds to a NP?","Why did Soros’ son have several meetings with Canadian PM and how is that related to Clinton’s?","SENTENCE_ON_SHARED_LINE","2","KEEP_Q_DIRECTIVE","",""
"520#4","520","Get smart, MAKE AMERICA GREAT AGAIN!","Get smart, MAKE AMERICA GREAT AGAIN!","Get smart, MAKE AMERICA GREAT AGAIN!","234","270","Q_AUTHORED_CURRENT_POST","Q_BODY","The Dems will threaten “shutdown,” but what they are really doing is shutting down our military, at a time we need it most.","WE ARE FIGHTING FOR OUR COUNTRY!""","SENTENCE_ON_SHARED_LINE","3","KEEP_Q_DIRECTIVE","",""
"6#4","6","Note this doesn’t include massive slush funds that are pulled by several high ups.","Note this doesn't include massive slush funds that are pulled by several high ups.","Note this doesn’t include massive slush funds that are pulled by several high ups.","54","136","Q_AUTHORED_CURRENT_POST","Q_BODY","Why did Soros transfer his bulk public funds to a NP?","Why did Soros’ son have several meetings with Canadian PM and how is that related to Clinton’s?","SENTENCE_ON_SHARED_LINE","2","KEEP_Q_DIRECTIVE","",""
"7#0","7","Put simply, Obama ultimately OK’d by using the non govt email addy to communicate w/ Clinton.","Put simply, Obama ultimately OK'd by using the non govt email addy to communicate w/ Clinton.","Put simply, Obama ultimately OK’d by using the non govt email addy to communicate w/ Clinton.","42","135","Q_AUTHORED_CURRENT_POST","Q_BODY","Why wasn’t HRC prosecuted for the emails?","Obama also had an alias along with each of his cabinet members.","SENTENCE_ON_SHARED_LINE","6","KEEP_Q_DIRECTIVE","",""
"7#1","7","Remember he lied about knowing but that ultimately came out in the dump.","Remember he lied about knowing but that ultimately came out in the dump.","Remember he lied about knowing but that ultimately came out in the dump.","298","370","Q_AUTHORED_CURRENT_POST","Q_BODY","Therefore indicting HRC would lead to indicting Obama & his cabinet etc which could never happen.","Poof!","SENTENCE_ON_SHARED_LINE","6","KEEP_Q_DIRECTIVE","",""