"postNumber","postLabel","sentenceIndex","auditId","triageBucket","sentenceText","archiveRepeatCount","coverageStatus","paintedCoveragePercent","categoryCoveragePercent","unpaintedCharacters","totalCharacters","uncoveredText","uncoveredOnlyPunctuation","paintedLayers","paintedDetail","certifiedNotPainted","certifiedNotPaintedDetail","rendererMissLikely","quotedSource","quotedSourceReason","form","segmentationConfidence","routingHint","routingHintWhy","contextBefore","contextAfter","sentenceStart","sentenceEnd","postLink","finalCategory","subtype","explanation","confidence","qAuthored","quotedSourceType","needsNewCategory","proposedNewCategory","reviewStatus"
"676","#676","1","p0676-s001","I_CERTIFIED_EVIDENCE_NOT_PAINTED","https:// www.fbi.gov/about/leadership-and-structure/fbi-executives/carl-ghattas","1","UNHIGHLIGHTED","0","0","78","78","https:// www.fbi.gov/about/leadership-and-structure/fbi-executives/carl-ghattas","NO","","","evidence:EXTERNAL_LINK","evidence:EXTERNAL_LINK: ""www.fbi.gov/about/leadership-and-structure/fbi-executives/carl-ghattas"" || evidence:EXTERNAL_LINK: ""https:// www.fbi.gov/about/leadership-and-structure/fbi-executives/carl-ghattas""","NO","NO","","fragment_or_label","HIGH","LABEL_FRAGMENT_OR_DEVICE","short label, slogan, heading or symbolic device rather than a proposition","","Q","0","79","https://8ch.net//qresearch/res/283878.html#284004","","","","","","","","","UNREVIEWED"
"709","#709","2","p0709-s002","I_CERTIFIED_EVIDENCE_NOT_PAINTED","https:// www.cia.gov/kids-page/games/break-the-code/code-1.html","1","UNHIGHLIGHTED","0","0","62","62","https:// www.cia.gov/kids-page/games/break-the-code/code-1.html","NO","","","evidence:EXTERNAL_LINK","evidence:EXTERNAL_LINK: ""www.cia.gov/kids-page/games/break-the-code/code-1.html"" || evidence:EXTERNAL_LINK: ""https:// www.cia.gov/kids-page/games/break-the-code/code-1.html""","NO","NO","","fragment_or_label","HIGH","LABEL_FRAGMENT_OR_DEVICE","short label, slogan, heading or symbolic device rather than a proposition","JFK Con Room.","Would you believe this site is actually used to comm to rogue operators? 
@Snowden
[John]
Cold?
Q","14","77","https://8ch.net//qresearch/res/325099.html#325272","","","","","","","","","UNREVIEWED"
"716","#716","1","p0716-s001","I_CERTIFIED_EVIDENCE_NOT_PAINTED","https:// www.google.com/amp/s/www.wired.com/2010/07/exclusive-google-cia/amp/","1","UNHIGHLIGHTED","0","0","76","76","https:// www.google.com/amp/s/www.wired.com/2010/07/exclusive-google-cia/amp/","NO","","","evidence:EXTERNAL_LINK","evidence:EXTERNAL_LINK: ""www.google.com/amp/s/www.wired.com/2010/07/exclusive-google-cia/amp/"" || evidence:EXTERNAL_LINK: ""https:// www.google.com/amp/s/www.wired.com/2010/07/exclusive-google-cia/amp/""","NO","NO","","sentence_like_no_terminal","HIGH","CLAIM_CANDIDATE","declarative prose — decide Q-authored claim vs quoted claim vs aphorism","","","0","77","https://8ch.net//qresearch/res/325099.html#325862","","","","","","","","","UNREVIEWED"
"746","#746","1","p0746-s001","I_CERTIFIED_EVIDENCE_NOT_PAINTED","https:// en.wikipedia.org/wiki/Mike_Wallace","1","UNHIGHLIGHTED","0","0","42","42","https:// en.wikipedia.org/wiki/Mike_Wallace","NO","","","evidence:EXTERNAL_LINK","evidence:EXTERNAL_LINK: ""https:// en.wikipedia.org/wiki/Mike_Wallace""","NO","NO","","fragment_or_label","HIGH","LABEL_FRAGMENT_OR_DEVICE","short label, slogan, heading or symbolic device rather than a proposition",">>350576","You are not looking close enough.
Q","9","52","https://8ch.net//qresearch/res/350331.html#350607","","","","","","","","","UNREVIEWED"
"816","#816","13","p0816-s013","I_CERTIFIED_EVIDENCE_NOT_PAINTED","http:// www.courant.com/news/connecticut/hc-sandy-hook-shooting-two-years-later-20141214-story.html","1","UNHIGHLIGHTED","0","0","98","98","http:// www.courant.com/news/connecticut/hc-sandy-hook-shooting-two-years-later-20141214-story.html","NO","","","evidence:EXTERNAL_LINK","evidence:EXTERNAL_LINK: ""www.courant.com/news/connecticut/hc-sandy-hook-shooting-two-years-later-20141214-story.html"" || evidence:EXTERNAL_LINK: ""http:// www.courant.com/news/connecticut/hc-sandy-hook-shooting-two-years-later-20141214-story.html""","NO","NO","","sentence_like_no_terminal","HIGH","CLAIM_CANDIDATE","declarative prose — decide Q-authored claim vs quoted claim vs aphorism","D security. 
WHY would locals go along w/ such a sick organized event?
[THEY must control local police / school / county officials  / etc to work].
WHY?
$$$$$$$$$$$$$$$$$
Federal aid + donations.
These people are SICK.","Follow the money.
It’s always about the money.
Q","333","432","https://8ch.net/qresearch/res/475243.html#475991","","","","","","","","","UNREVIEWED"
"841","#841","2","p0841-s002","I_CERTIFIED_EVIDENCE_NOT_PAINTED","http:// about.att.com/story/consumers_need_an_internet_bill_of_rights.html","1","UNHIGHLIGHTED","0","0","73","73","http:// about.att.com/story/consumers_need_an_internet_bill_of_rights.html","NO","","","evidence:EXTERNAL_LINK","evidence:EXTERNAL_LINK: ""http:// about.att.com/story/consumers_need_an_internet_bill_of_rights.html""","NO","NO","","fragment_or_label","HIGH","LABEL_FRAGMENT_OR_DEVICE","short label, slogan, heading or symbolic device rather than a proposition",">>548157
Re read drops.","Q","24","98","https://8ch.net/qresearch/res/547414.html#548166","","","","","","","","","UNREVIEWED"
"857","#857","3","p0857-s003","I_CERTIFIED_EVIDENCE_NOT_PAINTED","https:// mobile.reuters.com/article/amp/idUSKBN1GH2SM?__twitter_impression=true","1","PARTIAL_ONLY","8.97","0","71","78","https:// mobile. ⋯ .com/article/amp/idUSKBN1GH2SM?__twitter_impression=true","NO","namedEntity","namedEntity: ""reuters"" [68-75]","evidence:EXTERNAL_LINK","evidence:EXTERNAL_LINK: ""https:// mobile.reuters.com/article/amp/idUSKBN1GH2SM?__twitter_impression=true""","NO","NO","","fragment_or_label","HIGH","LABEL_FRAGMENT_OR_DEVICE","short label, slogan, heading or symbolic device rather than a proposition","Do you believe in coincidences?
Only the beginning.","Q","52","131","https://8ch.net/qresearch/res/567140.html#567408","","","","","","","","","UNREVIEWED"
"859","#859","1","p0859-s001","I_CERTIFIED_EVIDENCE_NOT_PAINTED","These peo>>567493 ple are stupid.","1","UNHIGHLIGHTED","0","0","21","21","These peo>>567493
ple are stupid.","NO","","","evidence:INTERNAL_REFERENCE","evidence:INTERNAL_REFERENCE: "">>567493""","NO","NO","","complete_sentence","MEDIUM","CLAIM_CANDIDATE","declarative prose — decide Q-authored claim vs quoted claim vs aphorism",">>567454","Wait for Russia/China reports.
Sabotage.
Investigation.
Strike 99999999.

Q","9","42","https://8ch.net/qresearch/res/567140.html#567502","","","","","","","","","UNREVIEWED"
"866","#866","1","p0866-s001","I_CERTIFIED_EVIDENCE_NOT_PAINTED","https:// wikileaks.org/clinton-emails/emailid/629","1","PARTIAL_ONLY","33.33","0","32","48","https:// ⋯ .org/ ⋯ -emails/emailid/629","NO","namedEntity","namedEntity: ""clinton"" [23-30] || namedEntity: ""wikileaks"" [9-18]","evidence:EXTERNAL_LINK","evidence:EXTERNAL_LINK: ""https:// wikileaks.org/clinton-emails/emailid/629""","NO","NO","","fragment_or_label","HIGH","LABEL_FRAGMENT_OR_DEVICE","short label, slogan, heading or symbolic device rather than a proposition","","So much is open source.
So much left to be connected.
Why are the children in Haiti in high demand?
How are they smuggled out?
‘Adoption’ process.
Local ‘staging’ ports friendly to CF?
Track donations.
Cross against loc","0","49","https://8ch.net/qresearch/res/568699.html#568863","","","","","","","","","UNREVIEWED"
"867","#867","1","p0867-s001","I_CERTIFIED_EVIDENCE_NOT_PAINTED","https:// wikileaks.org/clinton-emails/emailid/3672","1","PARTIAL_ONLY","18.37","0","40","49","https:// ⋯ .org/clinton-emails/emailid/3672","NO","namedEntity","namedEntity: ""wikileaks"" [18-27]","evidence:EXTERNAL_LINK","evidence:EXTERNAL_LINK: ""https:// wikileaks.org/clinton-emails/emailid/3672""","NO","NO","","fragment_or_label","HIGH","LABEL_FRAGMENT_OR_DEVICE","short label, slogan, heading or symbolic device rather than a proposition",">>568863","Who are we taught to trust the most?
This will not be easy.
The END.
Q","9","59","https://8ch.net/qresearch/res/568699.html#568909","","","","","","","","","UNREVIEWED"
"881","#881","2","p0881-s002","I_CERTIFIED_EVIDENCE_NOT_PAINTED","http:// ytcropper.com/cropped/We5aa1b3278dd0a","1","UNHIGHLIGHTED","0","0","44","44","http:// ytcropper.com/cropped/We5aa1b3278dd0a","NO","","","evidence:EXTERNAL_LINK","evidence:EXTERNAL_LINK: ""http:// ytcropper.com/cropped/We5aa1b3278dd0a""","NO","NO","","sentence_like_no_terminal","HIGH","CLAIM_CANDIDATE","declarative prose — decide Q-authored claim vs quoted claim vs aphorism","Do you believe in coincidences?","Q","32","77","https://8ch.net/qresearch/res/592516.html#592689","","","","","","","","","UNREVIEWED"
"927","#927","1","p0927-s001","I_CERTIFIED_EVIDENCE_NOT_PAINTED","https:// m.youtube.com/watch?v=aBv8kqKck6E&sns=em","1","UNHIGHLIGHTED","0","0","48","48","https:// m.youtube.com/watch?v=aBv8kqKck6E&sns=em","NO","","","evidence:EXTERNAL_LINK","evidence:EXTERNAL_LINK: ""https:// m.youtube.com/watch?v=aBv8kqKck6E&sns=em""","NO","NO","","fragment_or_label","HIGH","LABEL_FRAGMENT_OR_DEVICE","short label, slogan, heading or symbolic device rather than a proposition","","Falls on deaf ears.
Not w/ this administration.
Q","0","49","https://8ch.net/qresearch/res/615162.html#615484","","","","","","","","","UNREVIEWED"
"960","#960","1","p0960-s001","I_CERTIFIED_EVIDENCE_NOT_PAINTED","http:// www.cc.com/episodes/drc1ue/the-opposition-with-jordan-klepper-march-20–2018—of-montreal-season-1-ep-1080","1","UNHIGHLIGHTED","0","0","111","111","http:// www.cc.com/episodes/drc1ue/the-opposition-with-jordan-klepper-march-20–2018—of-montreal-season-1-ep-1080","NO","","","evidence:EXTERNAL_LINK","evidence:EXTERNAL_LINK: ""www.cc.com/episodes/drc1ue/the-opposition-with-jordan-klepper-march-20–2018—of-montreal-season-1-ep-1080"" || evidence:EXTERNAL_LINK: ""http:// www.cc.com/episodes/drc1ue/the-opposition-with-jordan-klepper-march-20–2018—of-montreal-season-1-ep-1080""","NO","NO","","fragment_or_label","HIGH","LABEL_FRAGMENT_OR_DEVICE","short label, slogan, heading or symbolic device rather than a proposition","","Enjoy the show.
Expect a lot more.
Panic.
Q","0","112","https://8ch.net/qresearch/res/739716.html#740252","","","","","","","","","UNREVIEWED"
"972","#972","1","p0972-s001","I_CERTIFIED_EVIDENCE_NOT_PAINTED","http:// www.foxnews.com/politics/2018/03/28/doj-inspector-general-investigates-alleged-fisa-abuses-by-doj-fbi.html","1","PARTIAL_ONLY","3.54","0","109","113","http:// www.foxnews.com/politics/2018/03/28/doj-inspector-general-investigates-alleged- ⋯ -abuses-by-doj-fbi.html","NO","theme","theme: ""fisa"" [87-91]","evidence:EXTERNAL_LINK","evidence:EXTERNAL_LINK: ""www.foxnews.com/politics/2018/03/28/doj-inspector-general-investigates-alleged-fisa-abuses-by-doj-fbi.html"" || evidence:EXTERNAL_LINK: ""http:// www.foxnews.com/politics/2018/03/28/doj-inspector-general-investigates-alleged-fisa-abuses-by-doj-fbi.html""","NO","NO","","sentence_like_no_terminal","HIGH","CLAIM_CANDIDATE","declarative prose — decide Q-authored claim vs quoted claim vs aphorism","","Think outside the box.
Timing of release.
Post Facebook NEWS.
Facebook WW.
GOOG WW.
AMAZON WW.
TWITTER WW.
Tracking active.
Listening active.
Data shared.
Data USED.
USED FOR WHAT?
Kickbacks BIG TIME>
Private/Public.
By","0","114","https://8ch.net/qresearch/res/821673.html#821975","","","","","","","","","UNREVIEWED"
"972","#972","29","p0972-s029","I_CERTIFIED_EVIDENCE_NOT_PAINTED","http:// www.foxnews.com/us/2018/03/27/nxivm-cult-leader-coerced-women-into-sex-branded-initials-on-his-slaves-authorities-say.html","1","UNHIGHLIGHTED","0","0","129","129","http:// www.foxnews.com/us/2018/03/27/nxivm-cult-leader-coerced-women-into-sex-branded-initials-on-his-slaves-authorities-say.html","NO","","","evidence:EXTERNAL_LINK","evidence:EXTERNAL_LINK: ""www.foxnews.com/us/2018/03/27/nxivm-cult-leader-coerced-women-into-sex-branded-initials-on-his-slaves-authorities-say.html"" || evidence:EXTERNAL_LINK: ""http:// www.foxnews.com/us/2018/03/27/nxivm-cult-leader-coerced-women-into-sex-branded-initials-on-his-slaves-authorities-say.html""","NO","NO","","sentence_like_no_terminal","HIGH","CLAIM_CANDIDATE","declarative prose — decide Q-authored claim vs quoted claim vs aphorism","al media/search engine platforms 'weight' elections? 
Regulation or KILL-stop?
Peace through STRENGTH.
@Snowden
Shine the LIGHT BRIGHT [DOA].
Why is HUSSEIN traveling the world conducting high-level meetings?
Use logic.","Nancy Salzman [historical timeline].
MSM will not highlight 'bottom to top' unravel.
Q","726","856","https://8ch.net/qresearch/res/821673.html#821975","","","","","","","","","UNREVIEWED"
"976","#976","1","p0976-s001","I_CERTIFIED_EVIDENCE_NOT_PAINTED","http:// www.foxnews.com/politics/2018/03/28/documents-suggest-possible-coordination-between-cia-fbi-obama-wh-and-dem-officials-early-in-trump-russia-probe-investigators.html","1","UNHIGHLIGHTED","0","0","172","172","http:// www.foxnews.com/politics/2018/03/28/documents-suggest-possible-coordination-between-cia-fbi-obama-wh-and-dem-officials-early-in-trump-russia-probe-investigators.html","NO","","","evidence:EXTERNAL_LINK","evidence:EXTERNAL_LINK: ""www.foxnews.com/politics/2018/03/28/documents-suggest-possible-coordination-between-cia-fbi-obama-wh-and-dem-officials-early-in-trump-russia-probe-investigators.html"" || evidence:EXTERNAL_LINK: ""http:// www.foxnews.com/politics/2018/03/28/documents-suggest-possible-coordination-between-cia-fbi-obama-wh-and-dem-officials-early-in-trump-russia-probe-investigators.html""","NO","NO","","fragment_or_label","HIGH","LABEL_FRAGMENT_OR_DEVICE","short label, slogan, heading or symbolic device rather than a proposition","","Wonder who leaked this.
Fire in the hole.
Q","0","173","https://8ch.net/qresearch/res/825523.html#825890","","","","","","","","","UNREVIEWED"
"982","#982","1","p0982-s001","I_CERTIFIED_EVIDENCE_NOT_PAINTED","https:// www.nationalreview.com/2018/03/russia-collusion-real-story-hillary-clinton-dnc-fbi-media/","1","UNHIGHLIGHTED","0","0","97","97","https:// www.nationalreview.com/2018/03/russia-collusion-real-story-hillary-clinton-dnc-fbi-media/","NO","","","evidence:EXTERNAL_LINK","evidence:EXTERNAL_LINK: ""www.nationalreview.com/2018/03/russia-collusion-real-story-hillary-clinton-dnc-fbi-media/"" || evidence:EXTERNAL_LINK: ""https:// www.nationalreview.com/2018/03/russia-collusion-real-story-hillary-clinton-dnc-fbi-media/""","NO","NO","","fragment_or_label","HIGH","LABEL_FRAGMENT_OR_DEVICE","short label, slogan, heading or symbolic device rather than a proposition","","Truth.
Q","0","98","https://8ch.net/qresearch/res/827733.html#827855","","","","","","","","","UNREVIEWED"
"986","#986","1","p0986-s001","I_CERTIFIED_EVIDENCE_NOT_PAINTED","http:// www.breitbart.com/big-government/2018/03/31/turley-sessions-using-utah-federal-prosecutor-much-better-trump-2nd-special-counsel/","7","UNHIGHLIGHTED","0","0","135","135","http:// www.breitbart.com/big-government/2018/03/31/turley-sessions-using-utah-federal-prosecutor-much-better-trump-2nd-special-counsel/","NO","","","evidence:EXTERNAL_LINK","evidence:EXTERNAL_LINK: ""www.breitbart.com/big-government/2018/03/31/turley-sessions-using-utah-federal-prosecutor-much-better-trump-2nd-special-counsel/"" || evidence:EXTERNAL_LINK: ""http:// www.breitbart.com/big-government/2018/03/31/turley-sessions-using-utah-federal-prosecutor-much-better-trump-2nd-special-counsel/""","NO","NO","","sentence_like_no_terminal","HIGH","CLAIM_CANDIDATE","declarative prose — decide Q-authored claim vs quoted claim vs aphorism","","Why was this made public?
John Huber appointed by?
Removed by?
Reappointed by?
Why the reboot?
Think logically.
History books.
Q","0","136","https://8ch.net/qresearch/res/873695.html#873935","","","","","","","","","UNREVIEWED"
"987","#987","2","p0987-s002","I_CERTIFIED_EVIDENCE_NOT_PAINTED","https:// www.justice.gov/usam/usam-1-7000-media-relations","1","UNHIGHLIGHTED","0","0","56","56","https:// www.justice.gov/usam/usam-1-7000-media-relations","NO","","","evidence:EXTERNAL_LINK","evidence:EXTERNAL_LINK: ""www.justice.gov/usam/usam-1-7000-media-relations"" || evidence:EXTERNAL_LINK: ""https:// www.justice.gov/usam/usam-1-7000-media-relations""","NO","NO","","fragment_or_label","HIGH","LABEL_FRAGMENT_OR_DEVICE","short label, slogan, heading or symbolic device rather than a proposition",">>873935
What is Sessions SPECIFICALLY recused from?","Watch the EO’s.
Q","53","110","https://8ch.net/qresearch/res/873695.html#874050","","","","","","","","","UNREVIEWED"
"1005","#1005","2","p1005-s002","I_CERTIFIED_EVIDENCE_NOT_PAINTED","https:// www.youtube.com/watch?v=xW2ijF2ya1c","2","UNHIGHLIGHTED","0","0","43","43","https:// www.youtube.com/watch?v=xW2ijF2ya1c","NO","","","evidence:EXTERNAL_LINK","evidence:EXTERNAL_LINK: ""www.youtube.com/watch?v=xW2ijF2ya1c"" || evidence:EXTERNAL_LINK: ""https:// www.youtube.com/watch?v=xW2ijF2ya1c""","NO","NO","","fragment_or_label","HIGH","LABEL_FRAGMENT_OR_DEVICE","short label, slogan, heading or symbolic device rather than a proposition","We are under attack.","WAR.
NO DEALS.
Q","21","65","https://8ch.net/qresearch/res/885575.html#885992","","","","","","","","","UNREVIEWED"
"1039","#1039","1","p1039-s001","I_CERTIFIED_EVIDENCE_NOT_PAINTED","https:// www.nytimes.com/2018/04/06/opinion/qanon-trump-conspiracy-theory.html","1","UNHIGHLIGHTED","0","0","77","77","https:// www.nytimes.com/2018/04/06/opinion/qanon-trump-conspiracy-theory.html","NO","","","evidence:EXTERNAL_LINK","evidence:EXTERNAL_LINK: ""www.nytimes.com/2018/04/06/opinion/qanon-trump-conspiracy-theory.html"" || evidence:EXTERNAL_LINK: ""https:// www.nytimes.com/2018/04/06/opinion/qanon-trump-conspiracy-theory.html""","NO","NO","","fragment_or_label","HIGH","LABEL_FRAGMENT_OR_DEVICE","short label, slogan, heading or symbolic device rather than a proposition","","Here we go.
Q","0","78","https://8ch.net/qresearch/res/918745.html#919423","","","","","","","","","UNREVIEWED"
"1041","#1041","1","p1041-s001","I_CERTIFIED_EVIDENCE_NOT_PAINTED","http:// www.foxnews.com/us/2018/04/06/disturbing-string-aircraft-crashes-in-2018-continues-deadly-trend-for-us-military.html","1","UNHIGHLIGHTED","0","0","123","123","http:// www.foxnews.com/us/2018/04/06/disturbing-string-aircraft-crashes-in-2018-continues-deadly-trend-for-us-military.html","NO","","","evidence:EXTERNAL_LINK","evidence:EXTERNAL_LINK: ""www.foxnews.com/us/2018/04/06/disturbing-string-aircraft-crashes-in-2018-continues-deadly-trend-for-us-military.html"" || evidence:EXTERNAL_LINK: ""http:// www.foxnews.com/us/2018/04/06/disturbing-string-aircraft-crashes-in-2018-continues-deadly-trend-for-us-military.html""","NO","NO","","sentence_like_no_terminal","HIGH","CLAIM_CANDIDATE","declarative prose — decide Q-authored claim vs quoted claim vs aphorism",">>919456","Q","9","133","https://8ch.net/qresearch/res/918745.html#919513","","","","","","","","","UNREVIEWED"
"1061","#1061","2","p1061-s002","I_CERTIFIED_EVIDENCE_NOT_PAINTED","https:// www.cnn.com/2018/03/31/politics/roseanne-barr-conspiracy-tweets/index.html","1","UNHIGHLIGHTED","0","0","82","82","https:// www.cnn.com/2018/03/31/politics/roseanne-barr-conspiracy-tweets/index.html","NO","","","evidence:EXTERNAL_LINK","evidence:EXTERNAL_LINK: ""www.cnn.com/2018/03/31/politics/roseanne-barr-conspiracy-tweets/index.html"" || evidence:EXTERNAL_LINK: ""https:// www.cnn.com/2018/03/31/politics/roseanne-barr-conspiracy-tweets/index.html""","NO","NO","","fragment_or_label","HIGH","LABEL_FRAGMENT_OR_DEVICE","short label, slogan, heading or symbolic device rather than a proposition","What a coincidence.","Q","20","103","https://8ch.net/qresearch/res/928084.html#928461","","","","","","","","","UNREVIEWED"
"1065","#1065","1","p1065-s001","I_CERTIFIED_EVIDENCE_NOT_PAINTED","https:// www.instagram.com/p/b7-nofzf6_/?hl=en&taken-by=ray.chandler","1","UNHIGHLIGHTED","0","0","67","67","https:// www.instagram.com/p/b7-nofzf6_/?hl=en&taken-by=ray.chandler","NO","","","evidence:EXTERNAL_LINK","evidence:EXTERNAL_LINK: ""www.instagram.com/p/b7-nofzf6_/?hl=en&taken-by=ray.chandler"" || evidence:EXTERNAL_LINK: ""https:// www.instagram.com/p/b7-nofzf6_/?hl=en&taken-by=ray.chandler""","NO","NO","","fragment_or_label","HIGH","LABEL_FRAGMENT_OR_DEVICE","short label, slogan, heading or symbolic device rather than a proposition","","The island.
Night [3]
Q","0","68","https://8ch.net/qresearch/res/931962.html#932518","","","","","","","","","UNREVIEWED"
"1073","#1073","1","p1073-s001","I_CERTIFIED_EVIDENCE_NOT_PAINTED","https:// twitter.com/WhiteHouse/status/982619755537367040","1","UNHIGHLIGHTED","0","0","56","56","https:// twitter.com/WhiteHouse/status/982619755537367040","NO","","","evidence:EXTERNAL_LINK","evidence:EXTERNAL_LINK: ""https:// twitter.com/WhiteHouse/status/982619755537367040""","NO","NO","","fragment_or_label","HIGH","LABEL_FRAGMENT_OR_DEVICE","short label, slogan, heading or symbolic device rather than a proposition","","Listen carefully.
Q","0","57","https://8ch.net/qresearch/res/936690.html#937520","","","","","","","","","UNREVIEWED"
"1074","#1074","1","p1074-s001","I_CERTIFIED_EVIDENCE_NOT_PAINTED","https:// www.cnn.com/2018/04/06/politics/joseph-schmitz-trump-adviser-clinton-emails/index.html","1","UNHIGHLIGHTED","0","0","94","94","https:// www.cnn.com/2018/04/06/politics/joseph-schmitz-trump-adviser-clinton-emails/index.html","NO","","","evidence:EXTERNAL_LINK","evidence:EXTERNAL_LINK: ""www.cnn.com/2018/04/06/politics/joseph-schmitz-trump-adviser-clinton-emails/index.html"" || evidence:EXTERNAL_LINK: ""https:// www.cnn.com/2018/04/06/politics/joseph-schmitz-trump-adviser-clinton-emails/index.html""","NO","NO","","fragment_or_label","HIGH","LABEL_FRAGMENT_OR_DEVICE","short label, slogan, heading or symbolic device rather than a proposition","","Read between the lines.
Front page.
Fake News.
Q","0","95","https://8ch.net/qresearch/res/937464.html#938177","","","","","","","","","UNREVIEWED"
"1085","#1085","1","p1085-s001","I_CERTIFIED_EVIDENCE_NOT_PAINTED","https:// www.wsj.com/articles/north-korea-ready-to-discuss-denuclearization-u-s-officials-say-1523213724","1","UNHIGHLIGHTED","0","0","103","103","https:// www.wsj.com/articles/north-korea-ready-to-discuss-denuclearization-u-s-officials-say-1523213724","NO","","","evidence:EXTERNAL_LINK","evidence:EXTERNAL_LINK: ""www.wsj.com/articles/north-korea-ready-to-discuss-denuclearization-u-s-officials-say-1523213724"" || evidence:EXTERNAL_LINK: ""https:// www.wsj.com/articles/north-korea-ready-to-discuss-denuclearization-u-s-officials-say-1523213724""","NO","NO","","fragment_or_label","HIGH","LABEL_FRAGMENT_OR_DEVICE","short label, slogan, heading or symbolic device rather than a proposition","","After all these years…….
No MSM positive media blast?
Think.
Now Syria?
Iran?
Russia flex through missile tech?
We started asking “coincidence?” long ago for a specific reason.
Those awake can finally SEE for themselves","0","104","https://8ch.net/qresearch/res/954652.html#954786","","","","","","","","","UNREVIEWED"
"1091","#1091","1","p1091-s001","I_CERTIFIED_EVIDENCE_NOT_PAINTED","https:// www.politico.com/blogs/laurarozen/1209/Report_Blackwater_CEO_Eric_Prince_was_CIA_asset.html","1","UNHIGHLIGHTED","0","0","99","99","https:// www.politico.com/blogs/laurarozen/1209/Report_Blackwater_CEO_Eric_Prince_was_CIA_asset.html","NO","","","evidence:EXTERNAL_LINK","evidence:EXTERNAL_LINK: ""www.politico.com/blogs/laurarozen/1209/Report_Blackwater_CEO_Eric_Prince_was_CIA_asset.html"" || evidence:EXTERNAL_LINK: ""https:// www.politico.com/blogs/laurarozen/1209/Report_Blackwater_CEO_Eric_Prince_was_CIA_asset.html""","NO","NO","","fragment_or_label","HIGH","LABEL_FRAGMENT_OR_DEVICE","short label, slogan, heading or symbolic device rather than a proposition",">>955760","Think Double.
Why are we confirming this publicly?
Why now?
Q","9","109","https://8ch.net/qresearch/res/955470.html#955902","","","","","","","","","UNREVIEWED"
"1093","#1093","3","p1093-s003","I_CERTIFIED_EVIDENCE_NOT_PAINTED","https:// m.youtube.com/watch?v=G2qIXXafxCQ","3","UNHIGHLIGHTED","0","0","41","41","https:// m.youtube.com/watch?v=G2qIXXafxCQ","NO","","","evidence:EXTERNAL_LINK","evidence:EXTERNAL_LINK: ""https:// m.youtube.com/watch?v=G2qIXXafxCQ""","NO","NO","","fragment_or_label","HIGH","LABEL_FRAGMENT_OR_DEVICE","short label, slogan, heading or symbolic device rather than a proposition","Knowing what you know now.
Watch again.","God bless you all.","40","82","https://8ch.net/qresearch/res/957752.html#957870","","","","","","","","","UNREVIEWED"
"1095","#1095","1","p1095-s001","I_CERTIFIED_EVIDENCE_NOT_PAINTED","https:// mobile.twitter.com/SoccerMouaz?ref_src=twsrc%5Egoogle%7Ctwcamp%5Eserp%7Ctwgr%5Eauthor","1","UNHIGHLIGHTED","0","0","93","93","https:// mobile.twitter.com/SoccerMouaz?ref_src=twsrc%5Egoogle%7Ctwcamp%5Eserp%7Ctwgr%5Eauthor","NO","","","evidence:EXTERNAL_LINK","evidence:EXTERNAL_LINK: ""https:// mobile.twitter.com/SoccerMouaz?ref_src=twsrc%5Egoogle%7Ctwcamp%5Eserp%7Ctwgr%5Eauthor""","NO","NO","","fragment_or_label","HIGH","LABEL_FRAGMENT_OR_DEVICE","short label, slogan, heading or symbolic device rather than a proposition",">>958218","Q","9","103","https://8ch.net/qresearch/res/957752.html#958466","","","","","","","","","UNREVIEWED"
"1109","#1109","1","p1109-s001","I_CERTIFIED_EVIDENCE_NOT_PAINTED","https:// twitter.com/realDonaldTrump/status/983423715332558848","1","UNHIGHLIGHTED","0","0","61","61","https:// twitter.com/realDonaldTrump/status/983423715332558848","NO","","","evidence:EXTERNAL_LINK","evidence:EXTERNAL_LINK: ""https:// twitter.com/realDonaldTrump/status/983423715332558848""","NO","NO","","fragment_or_label","HIGH","LABEL_FRAGMENT_OR_DEVICE","short label, slogan, heading or symbolic device rather than a proposition","","CA Targeted.
How often does POTUS RT weekly address?
April Showers.
Q","0","62","https://8ch.net/qresearch/res/969494.html#969959","","","","","","","","","UNREVIEWED"
"1115","#1115","3","p1115-s003","I_CERTIFIED_EVIDENCE_NOT_PAINTED","https:// www.nytimes.com/2018/04/07/nyregion/trump-tower-fire.html","1","UNHIGHLIGHTED","0","0","65","65","https:// www.nytimes.com/2018/04/07/nyregion/trump-tower-fire.html","NO","","","evidence:EXTERNAL_LINK","evidence:EXTERNAL_LINK: ""www.nytimes.com/2018/04/07/nyregion/trump-tower-fire.html"" || evidence:EXTERNAL_LINK: ""https:// www.nytimes.com/2018/04/07/nyregion/trump-tower-fire.html""","NO","NO","","fragment_or_label","HIGH","LABEL_FRAGMENT_OR_DEVICE","short label, slogan, heading or symbolic device rather than a proposition","Read carefully.
(Cohen).","Q","25","91","https://8ch.net/qresearch/res/974456.html#974802","","","","","","","","","UNREVIEWED"
"1117","#1117","1","p1117-s001","I_CERTIFIED_EVIDENCE_NOT_PAINTED","https:// www.nytimes.com/2014/04/09/business/international/chinas-embrace-of-foreign-cars.html","1","UNHIGHLIGHTED","0","0","93","93","https:// www.nytimes.com/2014/04/09/business/international/chinas-embrace-of-foreign-cars.html","NO","","","evidence:EXTERNAL_LINK","evidence:EXTERNAL_LINK: ""www.nytimes.com/2014/04/09/business/international/chinas-embrace-of-foreign-cars.html"" || evidence:EXTERNAL_LINK: ""https:// www.nytimes.com/2014/04/09/business/international/chinas-embrace-of-foreign-cars.html""","NO","NO","","fragment_or_label","HIGH","LABEL_FRAGMENT_OR_DEVICE","short label, slogan, heading or symbolic device rather than a proposition",">>977691","Q","9","103","https://8ch.net/qresearch/res/977529.html#978017","","","","","","","","","UNREVIEWED"
"1125","#1125","1","p1125-s001","I_CERTIFIED_EVIDENCE_NOT_PAINTED","“FBI burning the midnight oil” https:// mobile.twitter.com/SaraCarterDC/status/984145872241020929","1","PARTIAL_ONLY","3.3","0","88","91","“ ⋯ burning the midnight oil”
https:// mobile.twitter.com/SaraCarterDC/status/984145872241020929","NO","namedEntity","namedEntity: ""FBI"" [1-4]","evidence:EXTERNAL_LINK","evidence:EXTERNAL_LINK: ""https:// mobile.twitter.com/SaraCarterDC/status/984145872241020929""","NO","NO","","sentence_like_no_terminal","MEDIUM","CLAIM_CANDIDATE","declarative prose — decide Q-authored claim vs quoted claim vs aphorism","","What was just released to Nunes?
https:// www.nytimes.com/2018/04/11/us/politics/ezra-cohen-watnick-justice-department-national-security-adviser.html
Warning?
Telegraph?
https:// mobile.twitter.com/realDonaldTrump/statu","0","97","https://8ch.net/qresearch/res/1002503.html#1002643","","","","","","","","","UNREVIEWED"
"1125","#1125","3","p1125-s003","I_CERTIFIED_EVIDENCE_NOT_PAINTED","https:// www.nytimes.com/2018/04/11/us/politics/ezra-cohen-watnick-justice-department-national-security-adviser.html","2","UNHIGHLIGHTED","0","0","115","115","https:// www.nytimes.com/2018/04/11/us/politics/ezra-cohen-watnick-justice-department-national-security-adviser.html","NO","","","evidence:EXTERNAL_LINK","evidence:EXTERNAL_LINK: ""www.nytimes.com/2018/04/11/us/politics/ezra-cohen-watnick-justice-department-national-security-adviser.html"" || evidence:EXTERNAL_LINK: ""https:// www.nytimes.com/2018/04/11/us/politics/ezra-cohen-watnick-justice-department-national-security-adviser.html""","NO","NO","","fragment_or_label","HIGH","LABEL_FRAGMENT_OR_DEVICE","short label, slogan, heading or symbolic device rather than a proposition","“FBI burning the midnight oil”
https:// mobile.twitter.com/SaraCarterDC/status/984145872241020929
What was just released to Nunes?","Warning?
Telegraph?
https:// mobile.twitter.com/realDonaldTrump/status/984022625440747520
IT’S HAPPENING.
Q","131","247","https://8ch.net/qresearch/res/1002503.html#1002643","","","","","","","","","UNREVIEWED"
"1125","#1125","6","p1125-s006","I_CERTIFIED_EVIDENCE_NOT_PAINTED","https:// mobile.twitter.com/realDonaldTrump/status/984022625440747520","1","UNHIGHLIGHTED","0","0","68","68","https:// mobile.twitter.com/realDonaldTrump/status/984022625440747520","NO","","","evidence:EXTERNAL_LINK","evidence:EXTERNAL_LINK: ""https:// mobile.twitter.com/realDonaldTrump/status/984022625440747520""","NO","NO","","fragment_or_label","HIGH","LABEL_FRAGMENT_OR_DEVICE","short label, slogan, heading or symbolic device rather than a proposition","witter.com/SaraCarterDC/status/984145872241020929
What was just released to Nunes?
https:// www.nytimes.com/2018/04/11/us/politics/ezra-cohen-watnick-justice-department-national-security-adviser.html
Warning?
Telegraph?","IT’S HAPPENING.
Q","268","337","https://8ch.net/qresearch/res/1002503.html#1002643","","","","","","","","","UNREVIEWED"
"1129","#1129","1","p1129-s001","I_CERTIFIED_EVIDENCE_NOT_PAINTED","http:// thehill.com/homenews/administration/382714-clinton-advised-pompeo-to-stop-the-purge-of-state-dept","1","PARTIAL_ONLY","19.23","0","84","104","http:// thehill.com/homenews/ ⋯ /382714-clinton-advised- ⋯ -to-stop-the-purge-of-state-dept","NO","namedEntity | theme","namedEntity: ""pompeo"" [67-73] || theme: ""administration"" [29-43]","evidence:EXTERNAL_LINK","evidence:EXTERNAL_LINK: ""http:// thehill.com/homenews/administration/382714-clinton-advised-pompeo-to-stop-the-purge-of-state-dept""","NO","NO","","sentence_like_no_terminal","HIGH","CLAIM_CANDIDATE","declarative prose — decide Q-authored claim vs quoted claim vs aphorism","","Then….
http:// thehill.com/homenews/administration/382765-pompeo-failed-to-disclose-ownership-in-business-connected-to-china
Down She Goes…..
Q","0","105","https://8ch.net/qresearch/res/1002503.html#1003054","","","","","","","","","UNREVIEWED"
"1134","#1134","2","p1134-s002","I_CERTIFIED_EVIDENCE_NOT_PAINTED","https:// www.washingtonpost.com/blogs/plum-line/wp/2018/04/09/the-crisis-in-journalism-thats-helping-trump/?noredirect=on&utm_term=.01054835c682","1","UNHIGHLIGHTED","0","0","143","143","https:// www.washingtonpost.com/blogs/plum-line/wp/2018/04/09/the-crisis-in-journalism-thats-helping-trump/?noredirect=on&utm_term=.01054835c682","NO","","","evidence:EXTERNAL_LINK","evidence:EXTERNAL_LINK: ""www.washingtonpost.com/blogs/plum-line/wp/2018/04/09/the-crisis-in-journalism-thats-helping-trump/?noredirect=on&utm_term=.01054835c682"" || evidence:EXTERNAL_LINK: ""https:// www.washingtonpost.com/blogs/plum-line/wp/2018/04/09/the-crisis-in-journalism-thats-helping-trump/?noredirect=on&utm_term=.01054835c682""","NO","NO","","sentence_like_no_terminal","HIGH","CLAIM_CANDIDATE","declarative prose — decide Q-authored claim vs quoted claim vs aphorism","Funny.","Serious.
Night [5]
Q","7","151","https://8ch.net/qresearch/res/1007860.html#1008463","","","","","","","","","UNREVIEWED"
"1138","#1138","1","p1138-s001","I_CERTIFIED_EVIDENCE_NOT_PAINTED","https:// www.reuters.com/article/us-usa-congress-sextrafficking/trump-signs-law-to-punish-websites-for-sex-trafficking-idUSKBN1HI2KP","1","UNHIGHLIGHTED","0","0","131","131","https:// www.reuters.com/article/us-usa-congress-sextrafficking/trump-signs-law-to-punish-websites-for-sex-trafficking-idUSKBN1HI2KP","NO","","","evidence:EXTERNAL_LINK","evidence:EXTERNAL_LINK: ""www.reuters.com/article/us-usa-congress-sextrafficking/trump-signs-law-to-punish-websites-for-sex-trafficking-idUSKBN1HI2KP"" || evidence:EXTERNAL_LINK: ""https:// www.reuters.com/article/us-usa-congress-sextrafficking/trump-signs-law-to-punish-websites-for-sex-trafficking-idUSKBN1HI2KP""","NO","NO","","sentence_like_no_terminal","HIGH","CLAIM_CANDIDATE","declarative prose — decide Q-authored claim vs quoted claim vs aphorism","","Study carefully.
Facebook.
IG (think Ray.Chandler).
Twitter.
Etc…..
HONEYPOTS.
Q","0","132","https://8ch.net/qresearch/res/1008589.html#1008955","","","","","","","","","UNREVIEWED"
"1142","#1142","2","p1142-s002","I_CERTIFIED_EVIDENCE_NOT_PAINTED","https:// www.cnn.com/2018/04/12/politics/rod-rosenstein-white-house-effort/index.html","1","PARTIAL_ONLY","11.9","0","74","84","https:// www.cnn.com/2018/04/12/politics/rod- ⋯ -white-house-effort/index.html","NO","namedEntity","namedEntity: ""rosenstein"" [58-68]","evidence:EXTERNAL_LINK","evidence:EXTERNAL_LINK: ""www.cnn.com/2018/04/12/politics/rod-rosenstein-white-house-effort/index.html"" || evidence:EXTERNAL_LINK: ""https:// www.cnn.com/2018/04/12/politics/rod-rosenstein-white-house-effort/index.html""","NO","NO","","fragment_or_label","HIGH","LABEL_FRAGMENT_OR_DEVICE","short label, slogan, heading or symbolic device rather than a proposition","RR problems.","Q","13","98","https://8ch.net/qresearch/res/1014889.html#1015262","","","","","","","","","UNREVIEWED"
"1168","#1168","1","p1168-s001","I_CERTIFIED_EVIDENCE_NOT_PAINTED","https:// www.iqt.org/portfolio/","1","UNHIGHLIGHTED","0","0","30","30","https:// www.iqt.org/portfolio/","NO","","","evidence:EXTERNAL_LINK","evidence:EXTERNAL_LINK: ""www.iqt.org/portfolio/"" || evidence:EXTERNAL_LINK: ""https:// www.iqt.org/portfolio/""","NO","NO","","fragment_or_label","HIGH","LABEL_FRAGMENT_OR_DEVICE","short label, slogan, heading or symbolic device rather than a proposition","","Q","0","31","https://8ch.net/qresearch/res/1064354.html#1064908","","","","","","","","","UNREVIEWED"
"1184","#1184","6","p1184-s006","I_CERTIFIED_EVIDENCE_NOT_PAINTED","https:// www.c-span.org/video/?444272-1/democrats-back-farm-bill-leader-pelosi","1","PARTIAL_ONLY","7.79","0","71","77","https:// www.c-span.org/video/?444272-1/democrats-back-farm-bill-leader-","NO","namedEntity","namedEntity: ""pelosi"" [203-209]","evidence:EXTERNAL_LINK","evidence:EXTERNAL_LINK: ""www.c-span.org/video/?444272-1/democrats-back-farm-bill-leader-pelosi"" || evidence:EXTERNAL_LINK: ""https:// www.c-span.org/video/?444272-1/democrats-back-farm-bill-leader-pelosi""","NO","NO","","fragment_or_label","HIGH","LABEL_FRAGMENT_OR_DEVICE","short label, slogan, heading or symbolic device rather than a proposition","Big ERROR.
Pelosi admits travel to North Korea [past].
Archive immediately.
They have tried to ‘cover’ this.
Why is this relevant?","These people will lose everything.
Q","131","209","https://8ch.net/qresearch/res/1106299.html#1106719","","","","","","","","","UNREVIEWED"
"1199","#1199","4","p1199-s004","I_CERTIFIED_EVIDENCE_NOT_PAINTED","http:// www.foxnews.com/politics/2018/04/20/democratic-party-files-federal-lawsuit-alleging-conspiracy-by-trump-campaign-russia-wikileaks-to-disrupt-2016-presidential-election.html","1","UNHIGHLIGHTED","0","0","179","179","http:// www.foxnews.com/politics/2018/04/20/democratic-party-files-federal-lawsuit-alleging-conspiracy-by-trump-campaign-russia-wikileaks-to-disrupt-2016-presidential-election.html","NO","","","evidence:EXTERNAL_LINK","evidence:EXTERNAL_LINK: ""www.foxnews.com/politics/2018/04/20/democratic-party-files-federal-lawsuit-alleging-conspiracy-by-trump-campaign-russia-wikileaks-to-disrupt-2016-presidential-election.html"" || evidence:EXTERNAL_LINK: ""http:// www.foxnews.com/politics/2018/04/20/democratic-party-files-federal-lawsuit-alleging-conspiracy-by-trump-campaign-russia-wikileaks-to-disrupt-2016-presidential-election.html""","NO","NO","","sentence_like_no_terminal","HIGH","CLAIM_CANDIDATE","declarative prose — decide Q-authored claim vs quoted claim vs aphorism","Answer Q re: SR.
SR June JA.
Now….","Coincidence?
Q","35","215","https://8ch.net/qresearch/res/1115558.html#1116248","","","","","","","","","UNREVIEWED"
"1208","#1208","7","p1208-s007","I_CERTIFIED_EVIDENCE_NOT_PAINTED","https:// www.wehoville.com/2018/04/12/west-hollywoodss-mariah-sunshine-coogan-identified-victim-scottsdale-plane-crash/","1","UNHIGHLIGHTED","0","0","118","118","https:// www.wehoville.com/2018/04/12/west-hollywoodss-mariah-sunshine-coogan-identified-victim-scottsdale-plane-crash/","NO","","","evidence:EXTERNAL_LINK","evidence:EXTERNAL_LINK: ""www.wehoville.com/2018/04/12/west-hollywoodss-mariah-sunshine-coogan-identified-victim-scottsdale-plane-crash/"" || evidence:EXTERNAL_LINK: ""https:// www.wehoville.com/2018/04/12/west-hollywoodss-mariah-sunshine-coogan-identified-victim-scottsdale-plane-crash/""","NO","NO","","sentence_like_no_terminal","HIGH","CLAIM_CANDIDATE","declarative prose — decide Q-authored claim vs quoted claim vs aphorism",">>1122741
Over the target.
Expand further.
Wendy.
HUSSEIN.
Mack.
AS.","Open source.
Q","69","188","https://8ch.net/qresearch/res/1122742.html#1122995","","","","","","","","","UNREVIEWED"
"1211","#1211","1","p1211-s001","I_CERTIFIED_EVIDENCE_NOT_PAINTED","http:// newyork.cbslocal.com/2016/09/28/agnes-nixon-soap-operas/","1","UNHIGHLIGHTED","0","0","63","63","http:// newyork.cbslocal.com/2016/09/28/agnes-nixon-soap-operas/","NO","","","evidence:EXTERNAL_LINK","evidence:EXTERNAL_LINK: ""http:// newyork.cbslocal.com/2016/09/28/agnes-nixon-soap-operas/""","NO","NO","","fragment_or_label","HIGH","LABEL_FRAGMENT_OR_DEVICE","short label, slogan, heading or symbolic device rather than a proposition",">>1123269","Q","10","74","https://8ch.net/qresearch/res/1122742.html#1123388","","","","","","","","","UNREVIEWED"
"1217","#1217","1","p1217-s001","I_CERTIFIED_EVIDENCE_NOT_PAINTED","https:// wikileaks.org/podesta-emails/emailid/7524","2","PARTIAL_ONLY","32.65","0","33","49","https:// ⋯ .org/ ⋯ -emails/emailid/7524","NO","namedEntity","namedEntity: ""wikileaks"" [9-18] || namedEntity: ""podesta"" [23-30]","evidence:EXTERNAL_LINK","evidence:EXTERNAL_LINK: ""https:// wikileaks.org/podesta-emails/emailid/7524""","NO","NO","","fragment_or_label","HIGH","LABEL_FRAGMENT_OR_DEVICE","short label, slogan, heading or symbolic device rather than a proposition","","Q","0","50","https://8ch.net/qresearch/res/1129578.html#1130089","","","","","","","","","UNREVIEWED"
"1221","#1221","2","p1221-s002","I_CERTIFIED_EVIDENCE_NOT_PAINTED","https:// twitter.com/wikileaks/status/987724899614674944","1","PARTIAL_ONLY","16.36","0","46","55","https:// twitter.com/ ⋯ /status/987724899614674944","NO","namedEntity","namedEntity: ""wikileaks"" [33-42]","evidence:EXTERNAL_LINK","evidence:EXTERNAL_LINK: ""https:// twitter.com/wikileaks/status/987724899614674944""","NO","NO","","fragment_or_label","HIGH","LABEL_FRAGMENT_OR_DEVICE","short label, slogan, heading or symbolic device rather than a proposition","Right on Q.","Hello Maggie.
Trust funds (3).
Deposits routed from EU.
Why are deposits ORIG from EU being transferred into [3] TRUST funds [children]?
How do you get your talking points?
Why do many DC journalists (yourself) use & re","12","68","https://8ch.net/qresearch/res/1131062.html#1131191","","","","","","","","","UNREVIEWED"
"1235","#1235","1","p1235-s001","I_CERTIFIED_EVIDENCE_NOT_PAINTED","http:// thehill.com/blogs/pundits-blog/presidential-campaign/292310-huma-abedins-ties-to-the-muslim-brotherhood","2","PARTIAL_ONLY","3.64","0","106","110","http:// thehill.com/blogs/pundits-blog/presidential-campaign/292310- ⋯ -abedins-ties-to-the-muslim-brotherhood","NO","namedEntity","namedEntity: ""huma"" [68-72] || namedEntity: ""huma"" [68-72]","evidence:EXTERNAL_LINK","evidence:EXTERNAL_LINK: ""http:// thehill.com/blogs/pundits-blog/presidential-campaign/292310-huma-abedins-ties-to-the-muslim-brotherhood""","NO","NO","","fragment_or_label","HIGH","LABEL_FRAGMENT_OR_DEVICE","short label, slogan, heading or symbolic device rather than a proposition","","Good article.
Don’t forget about Huma.
AWAN.
VJ.
………
FBI.
America for sale.
Betrayal.
Treason.
No name.
Inside out destruction.
SA.
SA.
SA.
HUMA & Hussein.
http:// harvardmuslimalumni.org/about
Who paid?
SA [vital].
Q","0","111","https://8ch.net/qresearch/res/1139606.html#1140227","","","","","","","","","UNREVIEWED"
"1235","#1235","17","p1235-s017","I_CERTIFIED_EVIDENCE_NOT_PAINTED","http:// harvardmuslimalumni.org/about","1","UNHIGHLIGHTED","0","0","36","36","http:// harvardmuslimalumni.org/about","NO","","","evidence:EXTERNAL_LINK","evidence:EXTERNAL_LINK: ""http:// harvardmuslimalumni.org/about""","NO","NO","","fragment_or_label","HIGH","LABEL_FRAGMENT_OR_DEVICE","short label, slogan, heading or symbolic device rather than a proposition","ial-campaign/292310-huma-abedins-ties-to-the-muslim-brotherhood
Good article.
Don’t forget about Huma.
AWAN.
VJ.
………
FBI.
America for sale.
Betrayal.
Treason.
No name.
Inside out destruction.
SA.
SA.
SA.
HUMA & Hussein.","Who paid?
SA [vital].
Q","268","305","https://8ch.net/qresearch/res/1139606.html#1140227","","","","","","","","","UNREVIEWED"
"1238","#1238","10","p1238-s010","I_CERTIFIED_EVIDENCE_NOT_PAINTED","http:// video.foxnews.com/v/5774707105001/?#sp=show-clips","1","UNHIGHLIGHTED","0","0","56","56","http:// video.foxnews.com/v/5774707105001/?#sp=show-clips","NO","","","evidence:EXTERNAL_LINK","evidence:EXTERNAL_LINK: ""http:// video.foxnews.com/v/5774707105001/?#sp=show-clips""","NO","NO","","fragment_or_label","HIGH","LABEL_FRAGMENT_OR_DEVICE","short label, slogan, heading or symbolic device rather than a proposition","Listen carefully.
No evidence to support POTUS targeting.
None.
Do you understand the gravity of what’s unfolding?
EVIL & CORRUPTION.
She had to win at all costs.
You know why.
How do people support/vote 4 these people?","Q","253","310","https://8ch.net/qresearch/res/1145248.html#1145824","","","","","","","","","UNREVIEWED"
"1240","#1240","1","p1240-s001","I_CERTIFIED_EVIDENCE_NOT_PAINTED","https:// m.youtube.com/watch?v=JDVT-8tUfiE","2","UNHIGHLIGHTED","0","0","41","41","https:// m.youtube.com/watch?v=JDVT-8tUfiE","NO","","","evidence:EXTERNAL_LINK","evidence:EXTERNAL_LINK: ""https:// m.youtube.com/watch?v=JDVT-8tUfiE""","NO","NO","","fragment_or_label","HIGH","LABEL_FRAGMENT_OR_DEVICE","short label, slogan, heading or symbolic device rather than a proposition","","Q","0","42","https://8ch.net/qresearch/res/1151632.html#1152145","","","","","","","","","UNREVIEWED"
"1242","#1242","3","p1242-s003","I_CERTIFIED_EVIDENCE_NOT_PAINTED","https:// www.aljazeera.com/amp/news/2018/04/armenia-prime-minister-serzh-sargsyan-resigns-protests-180423120123655.html?__twitter_impression=true","1","PARTIAL_ONLY","5.56","0","136","144","https:// www.aljazeera.com/amp/news/2018/04/armenia-prime-minister-serzh-sargsyan-resigns- ⋯ -180423120123655.html?__twitter_impression=true","NO","theme","theme: ""protests"" [130-138]","evidence:EXTERNAL_LINK","evidence:EXTERNAL_LINK: ""www.aljazeera.com/amp/news/2018/04/armenia-prime-minister-serzh-sargsyan-resigns-protests-180423120123655.html?__twitter_impression=true"" || evidence:EXTERNAL_LINK: ""https:// www.aljazeera.com/amp/news/2018/04/armenia-prime-minister-serzh-sargsyan-resigns-protests-180423120123655.html?__twitter_impression=true""","NO","NO","","fragment_or_label","HIGH","LABEL_FRAGMENT_OR_DEVICE","short label, slogan, heading or symbolic device rather than a proposition","Do you believe?
The world is awakening.","Coincidence?
Q","40","185","https://8ch.net/qresearch/res/1157762.html#1158014","","","","","","","","","UNREVIEWED"
"1247","#1247","2","p1247-s002","I_CERTIFIED_EVIDENCE_NOT_PAINTED","http:// www.un.org/en/auditors/board/faq.shtml","1","UNHIGHLIGHTED","0","0","45","45","http:// www.un.org/en/auditors/board/faq.shtml","NO","","","evidence:EXTERNAL_LINK","evidence:EXTERNAL_LINK: ""www.un.org/en/auditors/board/faq.shtml"" || evidence:EXTERNAL_LINK: ""http:// www.un.org/en/auditors/board/faq.shtml""","NO","NO","","fragment_or_label","HIGH","LABEL_FRAGMENT_OR_DEVICE","short label, slogan, heading or symbolic device rather than a proposition",">>1158853
Happy hunting!","Q","25","71","https://8ch.net/qresearch/res/1158570.html#1159032","","","","","","","","","UNREVIEWED"
"1250","#1250","10","p1250-s010","I_CERTIFIED_EVIDENCE_NOT_PAINTED","https:// www.congress.gov/bill/112th-congress/house-bill/5734/text","1","UNHIGHLIGHTED","0","0","65","65","https:// www.congress.gov/bill/112th-congress/house-bill/5734/text","NO","","","evidence:EXTERNAL_LINK","evidence:EXTERNAL_LINK: ""www.congress.gov/bill/112th-congress/house-bill/5734/text"" || evidence:EXTERNAL_LINK: ""https:// www.congress.gov/bill/112th-congress/house-bill/5734/text""","NO","NO","","fragment_or_label","HIGH","LABEL_FRAGMENT_OR_DEVICE","short label, slogan, heading or symbolic device rather than a proposition","n was UBL killed in Pakistan?
May 2 2011
Where was UBL located?
Close proximity to?
Think logically.
When did AWANs mission op go green?
2004
Follow the timeline.
What happened during this time w/ Huma / VJ / AWAN / +3?","Follow the timeline.
https:// www.congress.gov/bill/112th-congress/house-bill/1699
SEC of STATE.
https:// www.govtrack.us/congress/bills/112/hr285
Who is protected?
https:// www.theguardian.com/global-development/povert","233","299","https://8ch.net/qresearch/res/1159354.html#1159716","","","","","","","","","UNREVIEWED"
"1250","#1250","12","p1250-s012","I_CERTIFIED_EVIDENCE_NOT_PAINTED","https:// www.congress.gov/bill/112th-congress/house-bill/1699","1","UNHIGHLIGHTED","0","0","60","60","https:// www.congress.gov/bill/112th-congress/house-bill/1699","NO","","","evidence:EXTERNAL_LINK","evidence:EXTERNAL_LINK: ""www.congress.gov/bill/112th-congress/house-bill/1699"" || evidence:EXTERNAL_LINK: ""https:// www.congress.gov/bill/112th-congress/house-bill/1699""","NO","NO","","fragment_or_label","HIGH","LABEL_FRAGMENT_OR_DEVICE","short label, slogan, heading or symbolic device rather than a proposition","k logically.
When did AWANs mission op go green?
2004
Follow the timeline.
What happened during this time w/ Huma / VJ / AWAN / +3?
https:// www.congress.gov/bill/112th-congress/house-bill/5734/text
Follow the timeline.","SEC of STATE.
https:// www.govtrack.us/congress/bills/112/hr285
Who is protected?
https:// www.theguardian.com/global-development/poverty-matters/2011/jul/11/us-aid-to-pakistan
Aid cut off in 2010?
Coincidence?
What hap","321","382","https://8ch.net/qresearch/res/1159354.html#1159716","","","","","","","","","UNREVIEWED"
"1250","#1250","14","p1250-s014","I_CERTIFIED_EVIDENCE_NOT_PAINTED","https:// www.govtrack.us/congress/bills/112/hr285","1","UNHIGHLIGHTED","0","0","48","48","https:// www.govtrack.us/congress/bills/112/hr285","NO","","","evidence:EXTERNAL_LINK","evidence:EXTERNAL_LINK: ""www.govtrack.us/congress/bills/112/hr285"" || evidence:EXTERNAL_LINK: ""https:// www.govtrack.us/congress/bills/112/hr285""","NO","NO","","fragment_or_label","HIGH","LABEL_FRAGMENT_OR_DEVICE","short label, slogan, heading or symbolic device rather than a proposition","hat happened during this time w/ Huma / VJ / AWAN / +3?
https:// www.congress.gov/bill/112th-congress/house-bill/5734/text
Follow the timeline.
https:// www.congress.gov/bill/112th-congress/house-bill/1699
SEC of STATE.","Who is protected?
https:// www.theguardian.com/global-development/poverty-matters/2011/jul/11/us-aid-to-pakistan
Aid cut off in 2010?
Coincidence?
What happened in 2011?
Define ‘Exchange’.
Sick yet?
Q","397","446","https://8ch.net/qresearch/res/1159354.html#1159716","","","","","","","","","UNREVIEWED"
"1250","#1250","16","p1250-s016","I_CERTIFIED_EVIDENCE_NOT_PAINTED","https:// www.theguardian.com/global-development/poverty-matters/2011/jul/11/us-aid-to-pakistan","1","PARTIAL_ONLY","8.6","0","85","93","https:// www.theguardian.com/global-development/poverty-matters/2011/jul/11/us-aid-to-","NO","namedEntity","namedEntity: ""pakistan"" [551-559]","evidence:EXTERNAL_LINK","evidence:EXTERNAL_LINK: ""www.theguardian.com/global-development/poverty-matters/2011/jul/11/us-aid-to-pakistan"" || evidence:EXTERNAL_LINK: ""https:// www.theguardian.com/global-development/poverty-matters/2011/jul/11/us-aid-to-pakistan""","NO","NO","","fragment_or_label","HIGH","LABEL_FRAGMENT_OR_DEVICE","short label, slogan, heading or symbolic device rather than a proposition",".congress.gov/bill/112th-congress/house-bill/5734/text
Follow the timeline.
https:// www.congress.gov/bill/112th-congress/house-bill/1699
SEC of STATE.
https:// www.govtrack.us/congress/bills/112/hr285
Who is protected?","Aid cut off in 2010?
Coincidence?
What happened in 2011?
Define ‘Exchange’.
Sick yet?
Q","465","559","https://8ch.net/qresearch/res/1159354.html#1159716","","","","","","","","","UNREVIEWED"
"1251","#1251","3","p1251-s003","I_CERTIFIED_EVIDENCE_NOT_PAINTED","https:// m.youtube.com/watch?v=G2qIXXafxCQ","3","UNHIGHLIGHTED","0","0","41","41","https:// m.youtube.com/watch?v=G2qIXXafxCQ","NO","","","evidence:EXTERNAL_LINK","evidence:EXTERNAL_LINK: ""https:// m.youtube.com/watch?v=G2qIXXafxCQ""","NO","NO","","fragment_or_label","HIGH","LABEL_FRAGMENT_OR_DEVICE","short label, slogan, heading or symbolic device rather than a proposition","Listen carefully.
Trust the plan.","Q","34","76","https://8ch.net/qresearch/res/1160102.html#1160582","","","","","","","","","UNREVIEWED"
"1261","#1261","6","p1261-s006","I_CERTIFIED_EVIDENCE_NOT_PAINTED","https:// www.nbcnews.com/news/us-news/after-toronto-attack-online-misogynists-praise-suspect-new-saint-n868821","1","UNHIGHLIGHTED","0","0","109","109","https:// www.nbcnews.com/news/us-news/after-toronto-attack-online-misogynists-praise-suspect-new-saint-n868821","NO","","","evidence:EXTERNAL_LINK","evidence:EXTERNAL_LINK: ""www.nbcnews.com/news/us-news/after-toronto-attack-online-misogynists-praise-suspect-new-saint-n868821"" || evidence:EXTERNAL_LINK: ""https:// www.nbcnews.com/news/us-news/after-toronto-attack-online-misogynists-praise-suspect-new-saint-n868821""","NO","NO","","fragment_or_label","HIGH","LABEL_FRAGMENT_OR_DEVICE","short label, slogan, heading or symbolic device rather than a proposition","They feel threatened.
This is about us.
Expect more (outcry).
We are being set up and targeted (+DDoS).
All for a conspiracy larp.","They must win.
New strategy?
Promise jobs & money to all.
Desperate? 
Nervous?
http:// www.foxnews.com/politics/2018/04/25/reparations-income-handouts-guaranteed-jobs-dems-tilt-hard-left-with-new-pet-projects.html
Stay","132","242","https://8ch.net/qresearch/res/1180233.html#1180364","","","","","","","","","UNREVIEWED"
"1261","#1261","12","p1261-s012","I_CERTIFIED_EVIDENCE_NOT_PAINTED","http:// www.foxnews.com/politics/2018/04/25/reparations-income-handouts-guaranteed-jobs-dems-tilt-hard-left-with-new-pet-projects.html","1","UNHIGHLIGHTED","0","0","133","133","http:// www.foxnews.com/politics/2018/04/25/reparations-income-handouts-guaranteed-jobs-dems-tilt-hard-left-with-new-pet-projects.html","NO","","","evidence:EXTERNAL_LINK","evidence:EXTERNAL_LINK: ""www.foxnews.com/politics/2018/04/25/reparations-income-handouts-guaranteed-jobs-dems-tilt-hard-left-with-new-pet-projects.html"" || evidence:EXTERNAL_LINK: ""http:// www.foxnews.com/politics/2018/04/25/reparations-income-handouts-guaranteed-jobs-dems-tilt-hard-left-with-new-pet-projects.html""","NO","NO","","sentence_like_no_terminal","HIGH","CLAIM_CANDIDATE","declarative prose — decide Q-authored claim vs quoted claim vs aphorism",".
All for a conspiracy larp. 
https:// www.nbcnews.com/news/us-news/after-toronto-attack-online-misogynists-praise-suspect-new-saint-n868821
They must win.
New strategy?
Promise jobs & money to all.
Desperate? 
Nervous?","Stay awake.
Q","322","456","https://8ch.net/qresearch/res/1180233.html#1180364","","","","","","","","","UNREVIEWED"
"1652","#1652","1","p1652-s001","I_CERTIFIED_EVIDENCE_NOT_PAINTED","“ICE executes its mission through the enforcement of more than 400 federal statutes, and focuses on smart immigration enforcement, preventing terrorism and combating the illegal movement of people and trade.” https://www.ice.gov","1","PARTIAL_ONLY","11.11","0","176","198","“ ⋯ executes its mission through the enforcement of more than 400 federal statutes, and focuses on smart immigration enforcement, preventing terrorism and combating the illegal movement of people and trade.”","NO","namedEntity | url","namedEntity: ""ICE"" [1-4] || namedEntity: ""ice"" [221-224] || namedEntity: ""ICE"" [1-4] || namedEntity: ""ice"" [221-224] || url: ""https://www.ice.gov"" [209-228]","evidence:EXTERNAL_LINK","evidence:EXTERNAL_LINK: ""https://www.ice.gov""","NO","NO","","sentence_like_no_terminal","MEDIUM","CLAIM_CANDIDATE","declarative prose — decide Q-authored claim vs quoted claim vs aphorism","","Abolish ICE?
#GoodbyeDemocrats
Q","0","228","https://8ch.net/qresearch/res/1983174.html#1983529","","","","","","","","","UNREVIEWED"
"1659","#1659","4","p1659-s004","I_CERTIFIED_EVIDENCE_NOT_PAINTED","470 https://www.breitbart.com/big-government/2018/03/31/turley-sessions-using-utah-federal-prosecutor-much-better-trump-2nd-special-counsel/","1","PARTIAL_ONLY","97.84","0","3","139","470","NO","url","url: ""https://www.breitbart.com/big-government/2018/03/31/turley-sessions-using-utah-federal-prosecutor-much-better-trump-2nd-special-counsel/"" [145-281]","evidence:EXTERNAL_LINK","evidence:EXTERNAL_LINK: ""https://www.breitbart.com/big-government/2018/03/31/turley-sessions-using-utah-federal-prosecutor-much-better-trump-2nd-special-counsel/""","NO","NO","","sentence_like_no_terminal","MEDIUM","CLAIM_CANDIDATE","declarative prose — decide Q-authored claim vs quoted claim vs aphorism",">>1986043
Ask yourself - who is filing the indictments?
It would take a very large team to work this quickly.
Who has that kind of manpower?","Q","141","281","https://8ch.net/qresearch/res/1985500.html#1986153","","","","","","","","","UNREVIEWED"
"1825","#1825","2","p1825-s002","I_CERTIFIED_EVIDENCE_NOT_PAINTED","'Foundation to support censorship against Conservatives' https://www.reddit.com/r/greatawakening/comments/95cqhw/lisamei62_here_we_go_hr_5181_was_stuffed_into_the/","1","PARTIAL_ONLY","73.89","0","41","157","'Foundation to support ⋯ against Conservatives'","NO","theme | url","theme: ""censorship"" [52-62] || url: ""https://www.reddit.com/r/greatawakening/comments/95cqhw/lisamei62_here_we_go_hr_5181_was_stuffed_into_the/"" [86-192]","evidence:EXTERNAL_LINK","evidence:EXTERNAL_LINK: ""https://www.reddit.com/r/greatawakening/comments/95cqhw/lisamei62_here_we_go_hr_5181_was_stuffed_into_the/""","NO","NO","","sentence_like_no_terminal","MEDIUM","CLAIM_CANDIDATE","declarative prose — decide Q-authored claim vs quoted claim vs aphorism",">>122
Digest and understand.","All-in [Blue Wave].
Midterms.
>>>Their entire future depends on winning majority in the House<<<
Q","29","192","https://8ch.net/patriotsfight/res/62.html#124","","","","","","","","","UNREVIEWED"
"1841","#1841","4","p1841-s004","I_CERTIFIED_EVIDENCE_NOT_PAINTED","The Sherman Act outlaws ""every contract, combination, or conspiracy in restraint of trade,"" and any ""monopolization, attempted monopolization, or conspiracy or combination to monopolize."" https://www.ftc.gov/tips-advice/competition-guidance/guide-antitrust-laws","1","PARTIAL_ONLY","35.02","0","154","237","The ⋯ outlaws ""every contract, combination, or conspiracy in restraint of trade,"" and any ""monopolization, attempted monopolization, or conspiracy or combination to monopolize.""","NO","namedEntity | url","namedEntity: ""Sherman Act"" [175-186] || namedEntity: ""ftc"" [371-374] || url: ""https://www.ftc.gov/tips-advice/competition-guidance/guide-antitrust-laws"" [359-432]","evidence:EXTERNAL_LINK","evidence:EXTERNAL_LINK: ""https://www.ftc.gov/tips-advice/competition-guidance/guide-antitrust-laws""","NO","NO","","sentence_like_no_terminal","MEDIUM","CLAIM_CANDIDATE","declarative prose — decide Q-authored claim vs quoted claim vs aphorism","FAKE NEWS consolidation [propaganda arm of the D party].
Define Antitrust Law(s).
https://www.ftc.gov/tips-advice/competition-guidance/guide-antitrust-laws/antitrust-laws","""The FTC's competition mission is to enforce the rules of the competitive marketplace — the antitrust laws. These laws promote vigorous competition and protect consumers from anticompetitive mergers and business practic","171","432","https://8ch.net/patriotsfight/res/62.html#138","","","","","","","","","UNREVIEWED"
"1855","#1855","7","p1855-s007","I_CERTIFIED_EVIDENCE_NOT_PAINTED","Panic @ NBCNews?https://twitter.com/NBCNews/status/1028597500427550720","1","PARTIAL_ONLY","79.41","0","14","68","Panic @ NBCNews?","NO","url","url: ""https://twitter.com/NBCNews/status/1028597500427550720"" [319-373]","evidence:EXTERNAL_LINK","evidence:EXTERNAL_LINK: ""https://twitter.com/NBCNews/status/1028597500427550720""","NO","NO","","fragment_or_label","HIGH","LABEL_FRAGMENT_OR_DEVICE","short label, slogan, heading or symbolic device rather than a proposition","MariaBartiromo/status/1028669284535422976
BOOM
   BOOM
      BOOM
         BOOM
Why did NBC have a 'confidential' con call yesterday w/ a few of its news affiliates re: the need to remove 'potentially' sensitive Tweets?","Has Media Matters been hired to locate and IDEN 'potentially' sensitive Tweets from 'known' characters?
The more you know….
Q","303","373","https://8ch.net/patriotsfight/res/62.html#145","","","","","","","","","UNREVIEWED"
"2088","#2088","1","p2088-s001","I_CERTIFIED_EVIDENCE_NOT_PAINTED","Ex 2 - ""Being Afraid"" https://twitter.com/HillaryClinton/status/1037335127947468800 https://twitter.com/HillaryClinton/status/1037335130468233216","1","PARTIAL_ONLY","87.77","0","17","139","Ex 2 - ""Being Afraid""","NO","url","url: ""https://twitter.com/HillaryClinton/status/1037335127947468800"" [28-89] || url: ""https://twitter.com/HillaryClinton/status/1037335130468233216"" [90-151]","evidence:EXTERNAL_LINK","evidence:EXTERNAL_LINK: ""https://twitter.com/HillaryClinton/status/1037335127947468800"" || evidence:EXTERNAL_LINK: ""https://twitter.com/HillaryClinton/status/1037335130468233216""","NO","NO","","sentence_like_no_terminal","MEDIUM","CLAIM_CANDIDATE","declarative prose — decide Q-authored claim vs quoted claim vs aphorism",">>177","https://twitter.com/HillaryClinton/status/1037335133966221315
https://twitter.com/HillaryClinton/status/1037335137695002624
https://twitter.com/HillaryClinton/status/1037335141369217026
https://twitter.com/HillaryClinto","6","151","https://8ch.net/patriotsfight/res/62.html#187","","","","","","","","","UNREVIEWED"
"2211","#2211","29","p2211-s029","I_CERTIFIED_EVIDENCE_NOT_PAINTED","US ATTORNEY (PROSECUTOR) >> DOJ/FBI INSPECTOR GENERAL (INVESTIGATOR) >> SIGNALS INTELLIGENCE (SIGINT) AND INFORMATION ASSURANCE (IA) PRODUCTS AND SERVICES https://www.justice.gov/usao-ut/pr/attorney-general-jeff-sessions-appoints-utah-us-attorney-john-w-huber-leadership-position","1","PARTIAL_ONLY","59.23","0","106","260","ATTORNEY (PROSECUTOR) >> ⋯ / ⋯ (INVESTIGATOR) >> SIGNALS INTELLIGENCE ( ⋯ ) AND INFORMATION ASSURANCE (IA) PRODUCTS AND SERVICES","NO","namedEntity | theme | url","namedEntity: ""INSPECTOR GENERAL"" [2245-2262] || namedEntity: ""sessions"" [2421-2429] || namedEntity: ""sessions"" [2421-2429] || namedEntity: ""sessions"" [2421-2429] || namedEntity: ""sessions"" [2421-2429] || namedEntity: ""sessions"" [2421-2429] || namedEntity: ""sessions"" [2421-2429] || namedEntity: ""sessions"" [2421-2429] || namedEntity: ""sessions"" [2421-2429] || namedEntity: ""huber"" [2463-2468] || namedEntity: ""huber"" [2463-2468] || namedEntity: ""huber"" [2463-2468] || namedEntity: ""huber"" [2463-2468] || namedEntity: ""huber"" [2463-2468] || namedEntity: ""huber"" [2463-2468] || namedEntity: ""FBI"" [2241-2244] || namedEntity: ""FBI"" [2241-2244] || namedEntity: ""FBI"" [2241-2244] || namedEntity: ""FBI"" [2241-2244] || namedEntity: ""DOJ"" [2237-2240] || namedEntity: ""DOJ"" [2237-2240] || namedEntity: ""DOJ"" [2237-2240] || namedEntity: ""DOJ"" [2237-2240] || namedEntity: ""DOJ"" [2237-2240] || namedEntity: ""US"" [2209-2211] || namedEntity: ""us"" [2444-2446] || namedEntity: ""INSPECTOR GENERAL"" [2245-2262] || namedEntity: ""INSPECTOR GENERAL"" [2245-2262] || namedEntity: ""INSPECTOR GENERAL"" [2245-2262] || namedEntity: ""INSPECTOR GENERAL"" [2245-2262] || namedEntity: ""INSPECTOR GENERAL"" [2245-2262] || namedEntity: ""US"" [2209-2211] || namedEntity: ""us"" [2444-2446] || namedEntity: ""US"" [2209-2211] || namedEntity: ""us"" [2444-2446] || namedEntity: ""US"" [2209-2211] || namedEntity: ""us"" [2444-2446] || theme: ""SIGINT"" [2303-2309] || url: ""https://www.justice.gov/usao-ut/pr/attorney-general-jeff-sessions-appoints-utah-us-attorney-john-w-huber-leadership-position"" [2364-2488]","evidence:EXTERNAL_LINK","evidence:EXTERNAL_LINK: ""https://www.justice.gov/usao-ut/pr/attorney-general-jeff-sessions-appoints-utah-us-attorney-john-w-huber-leadership-position""","NO","NO","","fragment_or_label","MEDIUM","LABEL_FRAGMENT_OR_DEVICE","short label, slogan, heading or symbolic device rather than a proposition","d federal entities).”
http://legcounsel.house.gov/Comps/Inspector%20General%20Act%20Of%201978.pdf
How might this benefit ‘possible’ ongoing investigations across inter-intra federal agencies?
HUBER >> HOROWITZ >> STORCH","NSA been pushed since the beginning?
Logical thinking.
The ""Experts""
But… SESSIONS should appoint a 2nd SC in DC aka THE CORRUPT SWAMP
But… SESSIONS should appoint a 2nd SC in DC aka THE CORRUPT SWAMP [team of less than","2209","2488","https://8ch.net/patriotsfight/res/62.html#264","","","","","","","","","UNREVIEWED"
"2228","#2228","2","p2228-s002","I_CERTIFIED_EVIDENCE_NOT_PAINTED","Ever wonder how that's possible?https://twitter.com/realDonaldTrump/status/1042828275121369088","1","PARTIAL_ONLY","68.89","0","28","90","Ever wonder how that's possible?","NO","url","url: ""https://twitter.com/realDonaldTrump/status/1042828275121369088"" [58-120]","evidence:EXTERNAL_LINK","evidence:EXTERNAL_LINK: ""https://twitter.com/realDonaldTrump/status/1042828275121369088""","NO","NO","","fragment_or_label","HIGH","LABEL_FRAGMENT_OR_DEVICE","short label, slogan, heading or symbolic device rather than a proposition",">>3106571
Less than (1).","Q","26","120","https://8ch.net/qresearch/res/3106490.html#3106585","","","","","","","","","UNREVIEWED"
"2257","#2257","2","p2257-s002","I_CERTIFIED_EVIDENCE_NOT_PAINTED","1 = 1 http://www.foxnews.com/politics/2018/09/07/omarosa-plans-another-tape-release-next-week-report.html","1","PARTIAL_ONLY","97.06","0","3","102","1 = 1","NO","url","url: ""http://www.foxnews.com/politics/2018/09/07/omarosa-plans-another-tape-release-next-week-report.html"" [98-197]","evidence:EXTERNAL_LINK","evidence:EXTERNAL_LINK: ""http://www.foxnews.com/politics/2018/09/07/omarosa-plans-another-tape-release-next-week-report.html""","NO","NO","","fragment_or_label","MEDIUM","LABEL_FRAGMENT_OR_DEVICE","short label, slogan, heading or symbolic device rather than a proposition","https://www.nytimes.com/2018/09/21/us/politics/rod-rosenstein-wear-wire-25th-amendment.html","The More You Know…
Q","92","197","https://8ch.net/patriotsfight/res/62.html#284","","","","","","","","","UNREVIEWED"
"2378","#2378","9","p2378-s009","I_CERTIFIED_EVIDENCE_NOT_PAINTED","GOOG & CHINA https://theintercept.com/2018/10/09/google-china-censored-search-engine/","1","PARTIAL_ONLY","93.9","0","5","82","GOOG &","NO","namedEntity | theme | url","namedEntity: ""CHINA"" [695-700] || namedEntity: ""china"" [744-749] || namedEntity: ""CHINA"" [695-700] || namedEntity: ""china"" [744-749] || namedEntity: ""CHINA"" [695-700] || namedEntity: ""china"" [744-749] || theme: ""censored"" [750-758] || url: ""https://theintercept.com/2018/10/09/google-china-censored-search-engine/"" [701-773]","evidence:EXTERNAL_LINK","evidence:EXTERNAL_LINK: ""https://theintercept.com/2018/10/09/google-china-censored-search-engine/""","NO","NO","","sentence_like_no_terminal","MEDIUM","CLAIM_CANDIDATE","declarative prose — decide Q-authored claim vs quoted claim vs aphorism","re,’""
What state does [Feinstein] represent? 
https://www.washingtonpost.com/opinions/explain-the-chinese-spy-sen-feinstein/2018/08/09/0560ca60-9bfd-11e8-b60b-1c897f17e185_story.html?noredirect=on&utm_term=.f0be11930e64","Dragonfly
Look HERE [RUSSIA]
DO NOT LOOK HERE [CHINA]
https://www.youtube.com/watch?v=aeVrMniBjSc
Worth 43 minutes of your time.
ALL [INSIDE] ROADS TO CHINA ARE BEING CLOSED.
AMERICA IS NO LONGER FOR SALE.
Q","688","773","https://8ch.net/patriotsfight/res/62.html#371","","","","","","","","","UNREVIEWED"
"2401","#2401","6","p2401-s006","I_CERTIFIED_EVIDENCE_NOT_PAINTED","ABC's & AMAZON https://www.theatlantic.com/technology/archive/2014/07/the-details-about-the-cias-deal-with-amazon/374632/","1","PARTIAL_ONLY","94.92","0","6","118","ABC's &","NO","namedEntity | url","namedEntity: ""AMAZON"" [471-477] || namedEntity: ""amazon"" [570-576] || url: ""https://www.theatlantic.com/technology/archive/2014/07/the-details-about-the-cias-deal-with-amazon/374632/"" [478-584]","evidence:EXTERNAL_LINK","evidence:EXTERNAL_LINK: ""https://www.theatlantic.com/technology/archive/2014/07/the-details-about-the-cias-deal-with-amazon/374632/""","NO","NO","","fragment_or_label","MEDIUM","LABEL_FRAGMENT_OR_DEVICE","short label, slogan, heading or symbolic device rather than a proposition","t using logic and facts, you resort to comparing it to ART?
How many articles has the WASH POST released attacking the 'Q' movement? 
Why is the WASH POST dedicated to attacking this movement?
WASH POST owned by AMAZON?","If we aren't a threat, or real, or simply just a conspiracy theory, why the [constant] heavy attacks?
https://www.youtube.com/watch?v=vTGkcTWCaio
[Information Warfare][IW]
[Destroy the Controlled Narrative]
POWER BELONG","463","584","https://8ch.net/patriotsfight/res/62.html#390","","","","","","","","","UNREVIEWED"
"2495","#2495","5","p2495-s005","I_CERTIFIED_EVIDENCE_NOT_PAINTED","53-47 https://www.reuters.com/article/us-usa-senate-committees/senate-judiciary-chair-grassleys-move-to-leave-key-opening-idUSKCN1NL231","1","PARTIAL_ONLY","96.27","0","5","134","53-47","NO","namedEntity | url","namedEntity: ""senate"" [183-189] || namedEntity: ""senate"" [201-207] || url: ""https://www.reuters.com/article/us-usa-senate-committees/senate-judiciary-chair-grassleys-move-to-leave-key-opening-idUSKCN1NL231"" [144-273]","evidence:EXTERNAL_LINK","evidence:EXTERNAL_LINK: ""https://www.reuters.com/article/us-usa-senate-committees/senate-judiciary-chair-grassleys-move-to-leave-key-opening-idUSKCN1NL231""","NO","NO","","sentence_like_no_terminal","MEDIUM","CLAIM_CANDIDATE","declarative prose — decide Q-authored claim vs quoted claim vs aphorism","https://twitter.com/LisaMei62/status/1065067172429529088
TOGETHER WE WIN.
Attacks on WHITAKER will only intensify.
SENATE WAS THE TARGET.","Q","138","273","https://8ch.net/qresearch/res/3978070.html#3978509","","","","","","","","","UNREVIEWED"
"2502","#2502","2","p2502-s002","I_CERTIFIED_EVIDENCE_NOT_PAINTED","FY 2019 Defense Spending Bill https://dod.defense.gov/News/SpecialReports/Budget2019.aspx","1","PARTIAL_ONLY","70.24","0","25","84","FY 2019 Defense Spending Bill","NO","url","url: ""https://dod.defense.gov/News/SpecialReports/Budget2019.aspx"" [68-127]","evidence:EXTERNAL_LINK","evidence:EXTERNAL_LINK: ""https://dod.defense.gov/News/SpecialReports/Budget2019.aspx""","NO","NO","","sentence_like_no_terminal","MEDIUM","CLAIM_CANDIDATE","declarative prose — decide Q-authored claim vs quoted claim vs aphorism","Border Security = National Security.",">>Budget Overview
Budget Reconciliation 
https://www.countable.us/bills/hr7073-115
What if the House fails prior to majority change?
What vested auth does the Constitution grant a sitting President re: matters of NAT SE","37","127","https://8ch.net/qresearch/res/4030539.html#4031007","","","","","","","","","UNREVIEWED"
"2801","#2801","5","p2801-s005","I_CERTIFIED_EVIDENCE_NOT_PAINTED","https://www.wired.com/search/?q=qanon&page=1&sort=score https://www.theguardian.com/us (search: Qanon) https://www.npr.org/search?query=qanon&page=1","1","PARTIAL_ONLY","90.28","0","14","144","(search: Qanon)","NO","url","url: ""https://www.wired.com/search/?q=qanon&page=1&sort=score"" [452-507] || url: ""https://www.theguardian.com/us"" [508-538] || url: ""https://www.npr.org/search?query=qanon&page=1"" [555-600]","evidence:EXTERNAL_LINK","evidence:EXTERNAL_LINK: ""https://www.wired.com/search/?q=qanon&page=1&sort=score"" || evidence:EXTERNAL_LINK: ""https://www.theguardian.com/us"" || evidence:EXTERNAL_LINK: ""https://www.npr.org/search?query=qanon&page=1""","NO","NO","","sentence_like_no_terminal","MEDIUM","CLAIM_CANDIDATE","declarative prose — decide Q-authored claim vs quoted claim vs aphorism","vance&utm_term=.d3e179a0682e
https://www.nytimes.com/search?query=qanon
https://www.cnn.com/search/?q=qanon
http://www.msnbc.com/search/qanon
https://www.newsweek.com/search/site/qanon
http://fortune.com/search/?q=qanon","https://www.vox.com/search?q=qanon
https://www.gq.com/search?q=qanon
https://www.pbs.org/search/?q=qanon
https://www.theverge.com/search?q=qanon
https://observer.com/?s=qanon
https://www.aljazeera.com/Search/?q=qanon
ht","452","600","https://8ch.net/qresearch/res/5253116.html#5253402","","","","","","","","","UNREVIEWED"
"2880","#2880","2","p2880-s002","I_CERTIFIED_EVIDENCE_NOT_PAINTED","TARGETED (DIRECTED) PURGE] https://www.politico.com/story/2019/02/20/2020-candidates-social-media-attack-1176018 https://twitter.com/HillaryClinton/status/1098294023738064898","1","PARTIAL_ONLY","85.88","0","24","170","TARGETED (DIRECTED) PURGE]","NO","url","url: ""https://www.politico.com/story/2019/02/20/2020-candidates-social-media-attack-1176018"" [57-142] || url: ""https://twitter.com/HillaryClinton/status/1098294023738064898"" [143-204]","evidence:EXTERNAL_LINK","evidence:EXTERNAL_LINK: ""https://www.politico.com/story/2019/02/20/2020-candidates-social-media-attack-1176018"" || evidence:EXTERNAL_LINK: ""https://twitter.com/HillaryClinton/status/1098294023738064898""","NO","NO","","sentence_like_no_terminal","MEDIUM","CLAIM_CANDIDATE","declarative prose — decide Q-authored claim vs quoted claim vs aphorism","[Public Service Announcement]","https://www.iwr.ai/voterfraud/index.html#top
[Targeted Accounts]
https://twitter.com/1776stonewall
https://twitter.com/2018magamidtrmt
https://twitter.com/aalivesmatter
https://twitter.com/2runtherace
https://twitter.co","30","204","https://8ch.net/qresearch/res/5335999.html#5336136","","","","","","","","","UNREVIEWED"
"2881","#2881","1","p2881-s001","I_CERTIFIED_EVIDENCE_NOT_PAINTED","Start 2 https://twitter.com/sandrahartle https://twitter.com/sanmateogirl11","1","PARTIAL_ONLY","91.67","0","6","72","Start 2","NO","url","url: ""https://twitter.com/sandrahartle"" [18-50] || url: ""https://twitter.com/sanmateogirl11"" [51-85]","evidence:EXTERNAL_LINK","evidence:EXTERNAL_LINK: ""https://twitter.com/sandrahartle"" || evidence:EXTERNAL_LINK: ""https://twitter.com/sanmateogirl11""","NO","NO","","fragment_or_label","MEDIUM","LABEL_FRAGMENT_OR_DEVICE","short label, slogan, heading or symbolic device rather than a proposition",">>5336136","https://twitter.com/sbelle1950
https://twitter.com/sarahgi00782242
https://twitter.com/scheer69
https://twitter.com/scottrickhoff
https://twitter.com/seacoastview
https://twitter.com/specialkmb1969
https://twitter.com/s","10","85","https://8ch.net/qresearch/res/5335999.html#5336143","","","","","","","","","UNREVIEWED"
"2883","#2883","1","p2883-s001","I_CERTIFIED_EVIDENCE_NOT_PAINTED","(1) Info https://www.ncc.gov.ng/documents/297-understanding-internet-infrastructure-emerging-issues/file","1","PARTIAL_ONLY","93.14","0","7","102","(1) Info","NO","url","url: ""https://www.ncc.gov.ng/documents/297-understanding-internet-infrastructure-emerging-issues/file"" [9-104]","evidence:EXTERNAL_LINK","evidence:EXTERNAL_LINK: ""https://www.ncc.gov.ng/documents/297-understanding-internet-infrastructure-emerging-issues/file""","NO","NO","","sentence_like_no_terminal","MEDIUM","CLAIM_CANDIDATE","declarative prose — decide Q-authored claim vs quoted claim vs aphorism","","(2) Remove Control from Gov't and provide to CA (who controls CA?)
https://www.forbes.com/sites/jodywestby/2016/09/24/7-days-before-obama-gives-away-internet-national-security/#2129f20b30d4
(3) Significant Risk? Cover?","0","104","https://8ch.net/qresearch/res/5339804.html#5339881","","","","","","","","","UNREVIEWED"
"3031","#3031","1","p3031-s001","I_CERTIFIED_EVIDENCE_NOT_PAINTED","(1) https://twitter.com/GeorgePapa19/status/1105230104026902529","1","PARTIAL_ONLY","95.16","0","3","62","(1)","NO","url","url: ""https://twitter.com/GeorgePapa19/status/1105230104026902529"" [4-63]","evidence:EXTERNAL_LINK","evidence:EXTERNAL_LINK: ""https://twitter.com/GeorgePapa19/status/1105230104026902529""","NO","NO","","fragment_or_label","MEDIUM","LABEL_FRAGMENT_OR_DEVICE","short label, slogan, heading or symbolic device rather than a proposition","","(2)
https://www.theepochtimes.com/interview-with-fbis-gaeta-core-to-russiagate-among-53-transcripts-slated-for-release_2674522.html
1 = 2
Q","0","63","https://8ch.net/qresearch/res/5630692.html#5631220","","","","","","","","","UNREVIEWED"
"3031","#3031","2","p3031-s002","I_CERTIFIED_EVIDENCE_NOT_PAINTED","(2) https://www.theepochtimes.com/interview-with-fbis-gaeta-core-to-russiagate-among-53-transcripts-slated-for-release_2674522.html","1","PARTIAL_ONLY","97.69","0","3","130","(2)","NO","url","url: ""https://www.theepochtimes.com/interview-with-fbis-gaeta-core-to-russiagate-among-53-transcripts-slated-for-release_2674522.html"" [68-195]","evidence:EXTERNAL_LINK","evidence:EXTERNAL_LINK: ""https://www.theepochtimes.com/interview-with-fbis-gaeta-core-to-russiagate-among-53-transcripts-slated-for-release_2674522.html""","NO","NO","","sentence_like_no_terminal","MEDIUM","CLAIM_CANDIDATE","declarative prose — decide Q-authored claim vs quoted claim vs aphorism","(1)
https://twitter.com/GeorgePapa19/status/1105230104026902529","1 = 2
Q","64","195","https://8ch.net/qresearch/res/5630692.html#5631220","","","","","","","","","UNREVIEWED"
"3222","#3222","4","p3222-s004","I_CERTIFIED_EVIDENCE_NOT_PAINTED","Magacoalition.com https://www.opensecrets.org/pacs/lookup2.php?cycle=2018&strID=C00654343 http://docquery.fec.gov/cgi-bin/forms/C00654343/1205696/","1","PARTIAL_ONLY","88.19","0","17","144","Magacoalition.com","NO","url","url: ""https://www.opensecrets.org/pacs/lookup2.php?cycle=2018&strID=C00654343"" [163-234] || url: ""http://docquery.fec.gov/cgi-bin/forms/C00654343/1205696/"" [235-291]","evidence:EXTERNAL_LINK","evidence:EXTERNAL_LINK: ""https://www.opensecrets.org/pacs/lookup2.php?cycle=2018&strID=C00654343"" || evidence:EXTERNAL_LINK: ""http://docquery.fec.gov/cgi-bin/forms/C00654343/1205696/""","NO","NO","","fragment_or_label","MEDIUM","LABEL_FRAGMENT_OR_DEVICE","short label, slogan, heading or symbolic device rather than a proposition",">>5925866
Some organizations do not have good intentions. 
Due diligence required. 
We highlighted this particular organization as one example.","http://docquery.fec.gov/cgi-bin/fecimg/?C00654343
Follow the money.
Track donations vs. expenses.
Admin, fundraising, strategy & research, etc etc expenses highly inflated?
Monthly installment payments made to ‘names’ w","144","291","https://8ch.net/qresearch/res/5925478.html#5926054","","","","","","","","","UNREVIEWED"
"3581","#3581","5","p3581-s005","I_CERTIFIED_EVIDENCE_NOT_PAINTED","""Also spearheaded mob prosecutions of the [Gambino], Genovese and Patriarca crime families."" http://content.time.com/time/nation/article/0,8599,1918738,00.html","1","PARTIAL_ONLY","51.02","0","72","147","""Also spearheaded mob prosecutions of the ⋯ , Genovese and Patriarca crime families.""","NO","namedEntity | bracketCode | url","namedEntity: ""Gambino"" [192-199] || bracketCode: ""[Gambino]"" [191-200] || url: ""http://content.time.com/time/nation/article/0,8599,1918738,00.html"" [242-308]","evidence:EXTERNAL_LINK","evidence:EXTERNAL_LINK: ""http://content.time.com/time/nation/article/0,8599,1918738,00.html""","NO","NO","","sentence_like_no_terminal","MEDIUM","CLAIM_CANDIDATE","declarative prose — decide Q-authored claim vs quoted claim vs aphorism","""Calm Before the Storm."" - POTUS
Month/Day 'Q' public campaign initiated? 
Month/Day 'Durham' initiated?
What famous crime family did Durham target?","What AB[C] agency did Durham target?
How are messages sent?
https://www.rollingstone.com/culture/culture-news/frank-cali-murder-mafia-boss-qanon-motive-anthony-comello-861777/
[Dec 12 2018] 
""What if there's another pro","149","308","https://8kun.net/qresearch/res/7307489.html#7352869","","","","","","","","","UNREVIEWED"
"3611","#3611","2","p3611-s002","I_CERTIFIED_EVIDENCE_NOT_PAINTED","[QUID PRO QUO - internal alarm [how to frame/defend]] https://wikileaks.org/podesta-emails/emailid/52561","1","PARTIAL_ONLY","83.16","0","16","95","[ ⋯ - internal alarm ⋯ ]","NO","namedEntity | theme | bracketCode | url","namedEntity: ""podesta"" [99-106] || theme: ""QUID PRO QUO"" [24-36] || bracketCode: ""[how to frame/defend]"" [54-75] || url: ""https://wikileaks.org/podesta-emails/emailid/52561"" [77-127]","evidence:EXTERNAL_LINK","evidence:EXTERNAL_LINK: ""https://wikileaks.org/podesta-emails/emailid/52561""","NO","NO","","fragment_or_label","MEDIUM","LABEL_FRAGMENT_OR_DEVICE","short label, slogan, heading or symbolic device rather than a proposition","THE CLINTON FOUNDATION","Read carefully.
[Note: Podesta emails non_public [internal]]
Fact: Ukraine is the single largest CF donor
Coincidence?
Q","23","127","https://8kun.net/qresearch/res/7358467.html#7358656","","","","","","","","","UNREVIEWED"
"3862","#3862","1","p3862-s001","I_CERTIFIED_EVIDENCE_NOT_PAINTED","https://twitter.com/Strandjunker/status/1228333628955996161 re: delayed testimony","1","PARTIAL_ONLY","75.64","0","19","78","re: delayed testimony","NO","url","url: ""https://twitter.com/Strandjunker/status/1228333628955996161"" [0-59]","evidence:EXTERNAL_LINK","evidence:EXTERNAL_LINK: ""https://twitter.com/Strandjunker/status/1228333628955996161""","NO","NO","","sentence_like_no_terminal","MEDIUM","CLAIM_CANDIDATE","declarative prose — decide Q-authored claim vs quoted claim vs aphorism","","1. allow for public dissemination of critical facts [possible unseal(s)-declas] prior to world televised sit down.
Sometimes the necessary forum to update the American public is provided by those same people being inves","0","81","https://8kun.top/qresearch/res/8133465.html#8134255","","","","","","","","","UNREVIEWED"
"3929","#3929","6","p3929-s006","I_CERTIFIED_EVIDENCE_NOT_PAINTED","FISA INDICTMENTS = START (public_justice) https://www.merriam-webster.com/dictionary/start","1","PARTIAL_ONLY","74.12","0","22","85","= START (public_justice)","NO","namedEntity | theme | url","namedEntity: ""FISA"" [303-307] || theme: ""FISA"" [303-307] || theme: ""INDICTMENTS"" [308-319] || url: ""https://www.merriam-webster.com/dictionary/start"" [345-393]","evidence:EXTERNAL_LINK","evidence:EXTERNAL_LINK: ""https://www.merriam-webster.com/dictionary/start""","NO","NO","","fragment_or_label","MEDIUM","LABEL_FRAGMENT_OR_DEVICE","short label, slogan, heading or symbolic device rather than a proposition","push] based on 'speculation' will only weaponize those who attack us [MSM].
Why does [MSM] expend resources [daily] attempting to discredit?
Do you provide the playbook to the enemy w: specific dates?
Logical thinking.","Future proves past [events unlock].
Think CEO departures.
Think FBI departures.
Think DOJ departures.
Think State departures.
Think WH departures.
Think DIA departures.
Think Pentagon departures.
Think Senate departures","303","393","https://8kun.top/qresearch/res/8736100.html#8746625","","","","","","","","","UNREVIEWED"
"4514","#4514","1","p4514-s001","I_CERTIFIED_EVIDENCE_NOT_PAINTED","Worth remember - Feb 2019 https://www.theguardian.com/commentisfree/2019/feb/18/online-conspiracy-theorists-democracy","1","PARTIAL_ONLY","81.25","0","21","112","Worth remember - Feb 2019","NO","url","url: ""https://www.theguardian.com/commentisfree/2019/feb/18/online-conspiracy-theorists-democracy"" [26-117]","evidence:EXTERNAL_LINK","evidence:EXTERNAL_LINK: ""https://www.theguardian.com/commentisfree/2019/feb/18/online-conspiracy-theorists-democracy""","NO","NO","","fragment_or_label","MEDIUM","LABEL_FRAGMENT_OR_DEVICE","short label, slogan, heading or symbolic device rather than a proposition","","""The scale this generates is disproportional enough to distort public perception: In 2018, ISD identified close to 30m uses of the word “QAnon” across Twitter, YouTube and forums such as Reddit and 4chan.""
Numbers today","0","117","https://8kun.top/qresearch/res/9732365.html#9732889","","","","","","","","","UNREVIEWED"
"4697","#4697","18","p4697-s018","I_CERTIFIED_EVIDENCE_NOT_PAINTED","Alexander Bradford Smith, 26 [http://jailviewer.co.douglas.or.us/Home/BookingSearchDetail?BookingNumber=B20002631]","1","PARTIAL_ONLY","95.45","0","5","110",", 26 [ ⋯ ]","NO","namedEntity | url","namedEntity: ""Alexander Bradford Smith"" [806-830] || url: ""http://jailviewer.co.douglas.or.us/Home/BookingSearchDetail?BookingNumber=B20002631"" [836-919]","evidence:EXTERNAL_LINK","evidence:EXTERNAL_LINK: ""http://jailviewer.co.douglas.or.us/Home/BookingSearchDetail?BookingNumber=B20002631""","NO","NO","","fragment_or_label","HIGH","LABEL_FRAGMENT_OR_DEVICE","short label, slogan, heading or symbolic device rather than a proposition","gM]
John Davies, 55 [https://archive.is/VDg3M]
Unknown [https://archive.is/twWHf]
Unknown [https://archive.is/jjLfn]
Christine Comello, 36 [https://archive.is/4mLJT] [https://archive.is/XxPPE] [https://archive.is/Vvnoz]","Unknown [https://archive.is/0pex9] [https://archive.is/8Jli1]
Unknown [https://archive.is/JkLAw]
Jesse Peterson, 30 [https://archive.is/gQg3e]
Jeffrey Accord, 36 [https://archive.is/j3yuB] [https://archive.is/UszGL] [ht","806","920","https://8kun.top/qresearch/res/10635766.html#10635981","","","","","","","","","UNREVIEWED"
"4697","#4697","23","p4697-s023","I_CERTIFIED_EVIDENCE_NOT_PAINTED","Facebook stream mirror; [https://www.bitchute.com/video/iCiNEzxzOaqd/ (embed)]","1","PARTIAL_ONLY","82.43","0","13","74","stream mirror;","NO","namedEntity | bracketCode | url","namedEntity: ""Facebook"" [1164-1172] || bracketCode: ""[https://www.bitchute.com/video/iCiNEzxzOaqd/ (embed)]"" [1188-1242] || url: ""https://www.bitchute.com/video/iCiNEzxzOaqd/"" [1189-1233]","evidence:EXTERNAL_LINK","evidence:EXTERNAL_LINK: ""https://www.bitchute.com/video/iCiNEzxzOaqd/""","NO","NO","","sentence_like_no_terminal","HIGH","CLAIM_CANDIDATE","declarative prose — decide Q-authored claim vs quoted claim vs aphorism","e.is/0pex9] [https://archive.is/8Jli1]
Unknown [https://archive.is/JkLAw]
Jesse Peterson, 30 [https://archive.is/gQg3e]
Jeffrey Accord, 36 [https://archive.is/j3yuB] [https://archive.is/UszGL] [https://archive.is/nJ9OU]","2014 Ferguson Arrest; [https://archive.is/IgEUL]
Info roundup; [https://archive.is/JxZ4P]
Unknown [https://archive.is/oTl3d]
Unknown [https://archive.is/knQbj]
Unknown [https://archive.is/AEQgp]
Milton Loice Moran, 48 [","1164","1242","https://8kun.top/qresearch/res/10635766.html#10635981","","","","","","","","","UNREVIEWED"
"4715","#4715","1","p4715-s001","I_CERTIFIED_EVIDENCE_NOT_PAINTED","www.instagram.com/antwiththecuts/ www.instagram.com/p/CFFgGxylzLm/","1","UNHIGHLIGHTED","0","0","65","65","www.instagram.com/antwiththecuts/
www.instagram.com/p/CFFgGxylzLm/","NO","","","evidence:EXTERNAL_LINK","evidence:EXTERNAL_LINK: ""www.instagram.com/antwiththecuts/"" || evidence:EXTERNAL_LINK: ""www.instagram.com/p/CFFgGxylzLm/""","NO","NO","","fragment_or_label","MEDIUM","LABEL_FRAGMENT_OR_DEVICE","short label, slogan, heading or symbolic device rather than a proposition","","@FBIPortland
Q","0","66","https://8kun.net/qresearch/res/10667463.html#10668162","","","","","","","","","UNREVIEWED"
"4770","#4770","2","p4770-s002","I_CERTIFIED_EVIDENCE_NOT_PAINTED","3-27-18 https://www.timeanddate.com/date/durationresult.html?d1=27&m1=3&y1=2018&d2=29&m2=9&y2=2020","1","PARTIAL_ONLY","92.78","0","7","97","3-27-18","NO","url","url: ""https://www.timeanddate.com/date/durationresult.html?d1=27&m1=3&y1=2018&d2=29&m2=9&y2=2020"" [51-141]","evidence:EXTERNAL_LINK","evidence:EXTERNAL_LINK: ""https://www.timeanddate.com/date/durationresult.html?d1=27&m1=3&y1=2018&d2=29&m2=9&y2=2020""","NO","NO","","fragment_or_label","MEDIUM","LABEL_FRAGMENT_OR_DEVICE","short label, slogan, heading or symbolic device rather than a proposition","What is the over/under done in 30 months?","What is the over/under Sullivan retires [steps down] by March 2021 based on public info re: possible coordinated efforts w: OSC Mueller?
Q","42","141","https://8kun.net/qresearch/res/10786398.html#10786969","","","","","","","","","UNREVIEWED"
"4782","#4782","9","p4782-s009","I_CERTIFIED_EVIDENCE_NOT_PAINTED","Family member transfer to supporter _campaign _foundation _gift _asset (home) _other https://www.clintonfoundation.org/sites/default/files/clinton_foundation_report_public_2018.pdf","1","PARTIAL_ONLY","56.21","0","74","169","Family member transfer to supporter _campaign _foundation _gift _asset (home) _other","NO","namedEntity | url","namedEntity: ""clinton"" [395-402] || namedEntity: ""clinton"" [395-402] || namedEntity: ""clinton"" [395-402] || url: ""https://www.clintonfoundation.org/sites/default/files/clinton_foundation_report_public_2018.pdf"" [341-436]","evidence:EXTERNAL_LINK","evidence:EXTERNAL_LINK: ""https://www.clintonfoundation.org/sites/default/files/clinton_foundation_report_public_2018.pdf""","NO","NO","","fragment_or_label","MEDIUM","LABEL_FRAGMENT_OR_DEVICE","short label, slogan, heading or symbolic device rather than a proposition","ter' hired @ CF engaged law firm(s)
2. CF 'donated' funds [primary influx _foreign][under 'legal' payment(s)] to engaged law firm [Dla Piper]
3. Dla Piper payment (salary, bonus & other) to family member of supporter
4.","Follow the expenses. 
Follow salaries & benefits.
Follow professional & consulting.
Follow cost of sales.
Follow other.
FUNDS: EXPENSES V. PAYOUTS [for 'causes'] _analyze % [how much of the actual donated money actually","256","436","https://8kun.net/qresearch/res/10824233.html#10824624","","","","","","","","","UNREVIEWED"
"4785","#4785","7","p4785-s007","I_CERTIFIED_EVIDENCE_NOT_PAINTED","Dir of FBI 2002 _ Robert Mueller https://vault.fbi.gov/william-j.-clinton-foundation","1","PARTIAL_ONLY","87.01","0","10","77","Dir of ⋯ 2002 _","NO","namedEntity | url","namedEntity: ""clinton"" [317-324] || namedEntity: ""clinton"" [317-324] || namedEntity: ""Robert Mueller"" [269-283] || namedEntity: ""Mueller"" [276-283] || namedEntity: ""FBI"" [258-261] || namedEntity: ""fbi"" [298-301] || url: ""https://vault.fbi.gov/william-j.-clinton-foundation"" [284-335]","evidence:EXTERNAL_LINK","evidence:EXTERNAL_LINK: ""https://vault.fbi.gov/william-j.-clinton-foundation""","NO","NO","","fragment_or_label","MEDIUM","LABEL_FRAGMENT_OR_DEVICE","short label, slogan, heading or symbolic device rather than a proposition","/tax/txdv02167.htm
[RR] Tax Division _ DOJ 2001 - 2005
Clinton Foundation investigation 2001 - 2005
GJ empaneled 
Clinton Foundation failure to declare foreign donations 2001 - 2003
Comey takeover of investigation 2002","Don't bite the hand that feeds you.
Q","251","335","https://8kun.net/qresearch/res/10825022.html#10825631","","","","","","","","","UNREVIEWED"
"4801","#4801","1","p4801-s001","I_CERTIFIED_EVIDENCE_NOT_PAINTED","Steve Scully - moderator 2nd Presidential Debate https://smpa.gwu.edu/steve-scully","1","PARTIAL_ONLY","58.67","0","31","75","- moderator 2nd Presidential Debate","NO","namedEntity | url","namedEntity: ""Steve Scully"" [0-12] || url: ""https://smpa.gwu.edu/steve-scully"" [49-82]","evidence:EXTERNAL_LINK","evidence:EXTERNAL_LINK: ""https://smpa.gwu.edu/steve-scully""","NO","NO","","fragment_or_label","MEDIUM","LABEL_FRAGMENT_OR_DEVICE","short label, slogan, heading or symbolic device rather than a proposition","","""While attending college, he served as an intern in the office of Delaware Sen. Joseph R. Biden, ....""
Rigged system?
Q","0","82","https://8kun.net/qresearch/res/10869580.html#10869781","","","","","","","","","UNREVIEWED"
"4949","#4949","1","p4949-s001","I_CERTIFIED_EVIDENCE_NOT_PAINTED","https://www.youtube.com/watch?v=9tjdswqGGVg&list=PLr4E97YzUfEMIr23hzOBmk9mg-z8TDOXj that this nation, under God, shall have a new birth of freedom  and that government of the people, by the people, for the people, shall not perish from the earth. - Abraham Lincoln Nov 1863","1","PARTIAL_ONLY","42.19","0","137","237","that this nation, under ⋯ , shall have a new birth of freedom  and that government of the people, by the people, for the people, shall not perish from the earth. - ⋯ Nov 1863","NO","namedEntity | url","namedEntity: ""Abraham Lincoln"" [249-264] || namedEntity: ""God"" [108-111] || url: ""https://www.youtube.com/watch?v=9tjdswqGGVg&list=PLr4E97YzUfEMIr23hzOBmk9mg-z8TDOXj"" [0-83]","evidence:EXTERNAL_LINK","evidence:EXTERNAL_LINK: ""https://www.youtube.com/watch?v=9tjdswqGGVg&list=PLr4E97YzUfEMIr23hzOBmk9mg-z8TDOXj""","NO","NO","","sentence_like_no_terminal","MEDIUM","RELIGIOUS_THEME_CANDIDATE","religious or scriptural vocabulary — check quoted-source boundaries","","Together we win.
Q","0","273","https://8kun.net/qresearch/res/11422019.html#11422223","","","","","","","","","UNREVIEWED"
