postNum,name,trip,nonBlankLines,oldQuotedLines,newQuotedLines,unresolvedLines,delta,spanKinds,directives,firstLine
"1","Anonymous","","2","0","1","0","1","QUOTED_ANONYMOUS_POST+Q_BODY","2",">>147005381"
"10","Anonymous","","2","2","0","2","-2","UNKNOWN","2","Remember, the FBI, and MI, have an open investigation into the CF. Why did Comey drop this? Who was the FBI director dur"
"100","Anonymous","","59","0","0","0","0","Q_BODY","1","Who is the Queen of England?"
"101","Anonymous","","9","0","1","0","1","QUOTED_ANONYMOUS_POST+Q_BODY","0",">>148147343"
"102","Anonymous","","4","0","0","0","0","Q_BODY","1","14.5995° N, 120.9842° E"
"103","Anonymous","","5","0","1","0","1","QUOTED_ANONYMOUS_POST+Q_BODY","2",">>148151281"
"104","Anonymous","","4","0","0","0","0","Q_BODY","1","Now is the time to pray."
"105","Anonymous","","7","0","0","0","0","Q_BODY","2","Please pray."
"106","Anonymous","","7","0","1","0","1","QUOTED_ANONYMOUS_POST+Q_BODY","1",">>148154996"
"107","Anonymous","","6","2","0","0","-2","Q_BODY","2","Code:"
"108","Anonymous","","7","0","1","0","1","QUOTED_ANONYMOUS_POST+Q_BODY","1",">>148155375"
"109","Anonymous","","3","0","1","0","1","QUOTED_ANONYMOUS_POST+Q_BODY","0",">>148156518"
"11","Anonymous","","6","0","0","0","0","Q_BODY","0","Key:"
"110","Anonymous","","4","0","0","0","0","Q_BODY","0","MSM."
"111","Anonymous","","58","0","0","0","0","Q_BODY","2","Important Context:"
"112","Anonymous","","18","0","0","0","0","Q_BODY","4","Important to archive."
"113","Anonymous","","21","0","0","0","0","Q_BODY","0","Social media platforms."
"114","Anonymous","","5","0","0","0","0","Q_BODY","0","US Military = savior of mankind."
"115","Anonymous","","2","0","1","0","1","QUOTED_ANONYMOUS_POST+Q_BODY","0",">>148186000"
"116","Anonymous","","4","0","0","0","0","Q_BODY","2","Crumb dump incoming fast."
"117","Anonymous","","44","0","0","0","0","Q_BODY","2","Why was the arrest of Alwaleed and others important?"
"118","Anonymous","","41","0","0","0","0","Q_BODY","3","What family was permitted to leave immediately after 9-11?"
"119","Anonymous","","23","0","0","0","0","Q_BODY","2","What is money flow disruption?"
"12","Anonymous","","2","2","0","2","-2","UNKNOWN","0","Military Intelligence ref above is the absolute biggest inside drop this board will ever receive."
"120","Anonymous","","32","0","0","0","0","Q_BODY","1","Why, by coincidence, is there a terrorist attack (or mental health c-level attack) within a short time post negative D n"
"121","Anonymous","","31","0","0","0","0","Q_BODY","3","Why were the acts that recently occurred in SA so critically important?"
"122","Anonymous","","27","0","0","0","0","Q_BODY","3","What does money buy?"
"123","Anonymous","","4","0","0","0","0","Q_BODY","0","Nothing is random."
"124","Anonymous","","4","0","0","0","0","Q_BODY","0","+++"
"125","Anonymous","","0","0","0","0","0","","0",""
"126","Anonymous","","5","0","0","0","0","Q_BODY","0","Previous was deleted. Curious."
"127","Anonymous","","5","0","0","0","0","Q_BODY","1","The graphic is your key."
"128","Q","!ITPb.qbhqo","52","0","0","0","0","Q_BODY","9","Trip added."
"129","Q","!ITPb.qbhqo","5","0","0","0","0","Q_BODY","0","[C]los[I]ng [A]ct:"
"13","Anonymous","","1","0","0","0","0","Q_BODY","2","Now think about the timing of POTUS traveling to China/SK. I’ve said too much. God bless, Patriots."
"130","Q","!ITPb.qbhqo","0","0","0","0","0","","0",""
"131","Q","!ITPb.qbhqo","3","0","0","0","0","Q_BODY","1","POTUS NAT SEC E briefing 3:02am."
"132","Q","!ITPb.qbhqo","4","0","1","0","1","QUOTED_ANONYMOUS_POST+Q_BODY","1",">>148872136"
"133","Q","!ITPb.qbhqo","33","0","0","0","0","Q_BODY","5","Hard to swallow."
"134","Q","!ITPb.qbhqo","20","0","0","0","0","Q_BODY","2","Why were the events in SA extraordinary?"
"135","Q","!ITPb.qbhqo","30","0","0","0","0","Q_BODY","0","ROTHSCHILD OWNED & CONTROLLED BANKS:"
"136","Q","!ITPb.qbhqo","44","0","0","0","0","Q_BODY","0","Cayman Islands: Cayman Islands Monetary Authority"
"137","Q","!ITPb.qbhqo","44","0","0","0","0","Q_BODY","0","Iraq: Central Bank of Iraq"
"138","Q","!ITPb.qbhqo","51","0","0","0","0","Q_BODY","0","Papua New Guinea: Bank of Papua New Guinea"
"139","Q","!ITPb.qbhqo","12","0","0","0","0","Q_BODY","1","List of Republicans, in the House and Senate, who have announced they will not seek re-election:"
"14","Anonymous","","36","0","0","0","0","Q_BODY","0","SCI[F]"
"140","Q","!ITPb.qbhqo","41","0","0","0","0","Q_BODY","2","Wealth (over generations) buys power."
"141","Q","!ITPb.qbhqo","10","0","0","0","0","Q_BODY","2","Rogue operators are here."
"142","Q","!ITPb.qbhqo","48","0","0","0","0","Q_BODY","2","How did Soros replace family ‘y’?"
"143","Q","!ITPb.qbhqo","5","0","1","0","1","QUOTED_ANONYMOUS_POST+Q_BODY","1",">>149123755"
"144","Q","!ITPb.qbhqo","47","0","0","0","0","Q_BODY","3","Patriots don’t sleep."
"145","Q","!ITPb.qbhqo","9","0","0","0","0","Q_BODY","1","::::WARNING::::"
"146","Q","!ITPb.qbhqo","9","0","0","0","0","Q_BODY","1","::::WARNING::::"
"147","Q","!ITPb.qbhqo","7","0","1","0","1","QUOTED_PRIOR_Q_POST+Q_BODY","0",">>149152383"
"148","Q","!ITPb.qbhqo","13","0","0","0","0","Q_BODY","3","NYT/Clowns In America article released today re: Q-group is a DIRECT attack/warning re: what is being dropped here."
"149","Q","!ITPb.qbhqo","0","0","0","0","0","","0",""
"15","Anonymous","","6","0","0","0","0","Q_BODY","1","There are more good people than bad. The wizards and warlocks (inside term) will not allow another Satanic Evil POS cont"
"150","Q","!ITPb.qbhqo","3","0","0","0","0","Q_BODY","0","Distress cal[L]s to others will [d]o you/family no good at this stage. We know whe[R]e you/the family are at all times a"
"151","Q","!ITPb.qbhqo","41","0","0","0","0","Q_BODY","1","How do you capture a very dangerous animal?"
"152","Q","!ITPb.qbhqo","4","0","1","0","1","QUOTED_ANONYMOUS_POST+Q_BODY","0",">>149402286"
"153","Q","!ITPb.qbhqo","28","2","0","0","-2","Q_BODY","5","For the coming days ahead."
"154","Q","!ITPb.qbhqo","25","10","10","0","0","Q_BODY+QUOTED_PRAYER","2","Who financed 9-11?"
"155","Q","!ITPb.qbhqo","6","0","0","0","0","Q_BODY","1","_Conf_D-TT_^_v891_0600_yes"
"156","Q","!ITPb.qbhqo","1","0","0","0","0","Q_BODY","0","++"
"157","Q","!ITPb.qbhqo","44","0","0","0","0","Q_BODY","5","What is a key?"
"158","Q","!ITPb.qbhqo","43","0","0","0","0","Q_BODY","3","(cont..)"
"159","Anonymous","","2","0","1","0","1","QUOTED_ANONYMOUS_POST+Q_BODY","0",">>150169787"
"16","Anonymous","","1","0","0","0","0","Q_BODY","2","Get the popcorn, Friday & Saturday will deliver on the MAGA promise. POTUS knows he must clean house (gov't) in order to"
"160","Anonymous","","2","0","1","0","1","QUOTED_ANONYMOUS_POST+Q_BODY","0",">>150169796"
"161","Anonymous","","3","0","1","0","1","QUOTED_ANONYMOUS_POST+Q_BODY","0",">>150170782"
"162","Q","!ITPb.qbhqo","3","0","0","0","0","Q_BODY","0","QMAP 1/2 confirmed."
"163","Q","!ITPb.qbhqo","5","0","0","0","0","Q_BODY","1","1&2 confirmed."
"164","Q","!ITPb.qbhqo","4","0","0","0","0","Q_BODY","1","Bots deactivated upon arrival."
"165","Q","!ITPb.qbhqo","37","2","0","0","-2","Q_BODY","5","Expand your thinking."
"166","Q","!ITPb.qbhqo","38","2","0","0","-2","Q_BODY","5","(Repost to correct thread)."
"167","Q","!ITPb.qbhqo","4","0","0","0","0","Q_BODY","1","POTUS opened the door of all doors."
"168","Q","!ITPb.qbhqo","4","0","1","0","1","QUOTED_ANONYMOUS_POST+Q_BODY","1",">>150214567"
"169","Q","!ITPb.qbhqo","2","0","1","0","1","QUOTED_ANONYMOUS_POST+Q_BODY","0",">>150214997"
"17","Anonymous","","6","0","0","0","0","Q_BODY","1","Why does Obama travel in advance of POTUS to foreign locations?"
"170","Q","!ITPb.qbhqo","4","0","0","0","0","Q_BODY","0","Why am I here during the day?"
"171","Q","!ITPb.qbhqo","2","0","0","0","0","Q_BODY","0","Good will always defeat evil."
"172","Q","!ITPb.qbhqo","2","0","0","0","0","Q_BODY","0","Good will always defeat evil."
"173","Q","!ITPb.qbhqo","4","0","0","0","0","Q_BODY","0","Good will always defeat evil."
"174","Q","!ITPb.qbhqo","4","0","0","0","0","Q_BODY","0","Coordinated effort to silence."
"175","Q","!ITPb.qbhqo","10","0","0","0","0","Q_BODY","2","Expand your thinking."
"176","Q","!ITPb.qbhqo","7","0","0","0","0","Q_BODY","1","What was posted prior to the stringer?"
"177","Q","!ITPb.qbhqo","15","0","0","0","0","Q_BODY","2","Keywords:"
"178","Q","!ITPb.qbhqo","22","0","0","0","0","Q_BODY","3","Archive immediately."
"179","Q","!ITPb.qbhqo","12","0","0","0","0","Q_BODY","1",">>150398185Shadow war."
"18","Anonymous","","12","0","0","0","0","Q_BODY","0","Why did Mueller meet POTUS 1-day prior to FBI announcement if Mueller COULD NOT be offered director due to prev term lim"
"180","Q","!ITPb.qbhqo","4","0","1","0","1","QUOTED_ANONYMOUS_POST+Q_BODY","0",">>150400127"
"181","Q","!ITPb.qbhqo","5","0","1","0","1","QUOTED_ANONYMOUS_POST+Q_BODY","1",">>150403252"
"182","Q","!ITPb.qbhqo","3","0","1","0","1","QUOTED_ANONYMOUS_POST+Q_BODY","0",">>150404273"
"183","Q","!ITPb.qbhqo","1","0","1","0","1","QUOTED_ANONYMOUS_POST","0",">>150405114"
"184","Q","!ITPb.qbhqo","9","0","0","0","0","Q_BODY","2","Their need for symbolism will be their downfall."
"185","Q","!ITPb.qbhqo","0","0","0","0","0","","0",""
"186","Q","!ITPb.qbhqo","4","0","0","0","0","Q_BODY","1","You are learning."
"187","Q","!ITPb.qbhqo","1","0","1","0","1","QUOTED_ANONYMOUS_POST","0",">>150414073"
"188","Q","!ITPb.qbhqo","1","0","1","0","1","QUOTED_ANONYMOUS_POST","0",">>150415097"
"189","Q","!ITPb.qbhqo","33","0","0","0","0","Q_BODY","4","Identify symbolism (Owl / Y)."
"19","Anonymous","","17","2","0","0","-2","Q_BODY","1","Why do D’s want to control the black pop?"
"190","Q","!ITPb.qbhqo","12","0","0","0","0","Q_BODY","1","USA vs."
"191","Q","!ITPb.qbhqo","1","0","1","0","1","QUOTED_ANONYMOUS_POST","0",">>150434251"
"192","Q","!ITPb.qbhqo","10","0","0","0","0","Q_BODY","2","Why are China & Russia communist S/closed?"
"193","Q","!ITPb.qbhqo","2","0","0","0","0","Q_BODY","0","Who really controls NK?"
"194","Q","!ITPb.qbhqo","15","0","0","0","0","Q_BODY","1","U1 – CA – EU – ASIA – IRAN/NK"
"195","Q","!ITPb.qbhqo","15","0","0","0","0","Q_BODY","1","U1 – CA – EU – ASIA – IRAN/NK"
"196","Q","!ITPb.qbhqo","3","0","1","0","1","QUOTED_ANONYMOUS_POST+Q_BODY","0",">>150510227"
"197","Q","!ITPb.qbhqo","3","0","0","0","0","Q_BODY","0","Ancient Egyptians considered gold “the skin of the gods” -- specifically the sun god Ra -- and often used it to craft ob"
"198","Q","!ITPb.qbhqo","4","0","0","0","0","Q_BODY","2","3 sides form what shape?"
"199","Q","!ITPb.qbhqo","23","0","0","0","0","Q_BODY","0","U1 - CA - EU - ASIA - IRAN/NK"
"2","Anonymous","","23","0","0","0","0","Q_BODY","2","Mockingbird"
"20","Anonymous","","8","0","0","0","0","Q_BODY","0","Who did POTUS meet with yesterday?"
"200","Q","!ITPb.qbhqo","3","0","0","0","0","Q_BODY","0","Rizvi Traverse Management."
"201","Q","!ITPb.qbhqo","1","0","1","0","1","QUOTED_ANONYMOUS_POST","0",">>150523213"
"202","Q","!ITPb.qbhqo","2","0","0","0","0","Q_BODY","0","Bad bread not updated."
"203","Q","!ITPb.qbhqo","2","0","0","0","0","Q_BODY","0","Bad bread."
"204","Q","!ITPb.qbhqo","3","0","1","0","1","QUOTED_ANONYMOUS_POST+Q_BODY","0",">>150559263"
"205","Q","!ITPb.qbhqo","5","0","1","0","1","QUOTED_ANONYMOUS_POST+Q_BODY","1",">>150559502"
"206","Q","!ITPb.qbhqo","3","0","0","0","0","Q_BODY","0","Can’t wait for the green light."
"207","Q","!ITPb.qbhqo","3","0","0","0","0","Q_BODY","0","$4.9 billion in government subsidies."
"208","Q","!ITPb.qbhqo","3","0","0","0","0","Q_BODY","0","Rizvi Traverse Management."
"209","Q","!ITPb.qbhqo","4","0","0","0","0","Q_BODY","1","Why did BO scuttle the shuttle program?"
"21","Anonymous","","1","0","0","0","0","Q_BODY","0","I’ve dumped some crumbs like this over the weekend which started the intense shilling. At this point we are far enough a"
"210","Q","!ITPb.qbhqo","1","0","1","0","1","QUOTED_ANONYMOUS_POST","0",">>150562774"
"211","Q","!ITPb.qbhqo","2","0","0","0","0","Q_BODY","0","NK _ SpaceX."
"212","Q","!ITPb.qbhqo","3","0","1","0","1","QUOTED_ANONYMOUS_POST+Q_BODY","0",">>150564270"
"213","Q","!ITPb.qbhqo","2","0","0","0","0","Q_BODY","0","The world cannot swallow the truth."
"214","Q","!ITPb.qbhqo","6","0","0","0","0","Q_BODY","0","What is FB?"
"215","Q","!ITPb.qbhqo","2","0","0","0","0","Q_BODY","1","Focus on his wife."
"216","Q","!ITPb.qbhqo","3","0","0","0","0","Q_BODY","0","Keyhole."
"217","Q","!ITPb.qbhqo","3","0","1","0","1","QUOTED_ANONYMOUS_POST+Q_BODY","0",">>150569615"
"218","Q","!ITPb.qbhqo","1","0","1","0","1","QUOTED_ANONYMOUS_POST","0",">>150569907"
"219","Q","!ITPb.qbhqo","7","0","0","0","0","Q_BODY","1","_27-1_yes_USA94-2"
"22","Anonymous","","6","0","0","0","0","Q_BODY","2","Who controls the NG?"
"220","Q","!ITPb.qbhqo","5","0","0","0","0","Q_BODY","0","Reminder."
"221","Q","!ITPb.qbhqo","8","0","0","0","0","Q_BODY","2","What news broke?"
"222","Q","!ITPb.qbhqo","1","0","1","0","1","QUOTED_ANONYMOUS_POST","0",">>150682213"
"223","Q","!ITPb.qbhqo","4","0","0","0","0","Q_BODY","1","Who is Betsy D?"
"224","Q","!ITPb.qbhqo","7","0","1","0","1","QUOTED_ANONYMOUS_POST+Q_BODY","2",">>150697054"
"225","Q","!ITPb.qbhqo","12","0","1","0","1","QUOTED_ANONYMOUS_POST+Q_BODY","3",">>150698169"
"226","Q","!ITPb.qbhqo","3","0","0","0","0","Q_BODY","1","_yes1_yes2_yes3_^_cDVT-089bT_AD_Conf"
"227","Q","!ITPb.qbhqo","0","0","0","0","0","","0",""
"228","Q","!ITPb.qbhqo","7","0","0","0","0","Q_BODY","0","USA_leadership change"
"229","Q","!ITPb.qbhqo","46","0","0","0","0","Q_BODY","0","RED_RED_"
"23","Anonymous","","7","2","0","0","-2","Q_BODY","1","Note MI has the same SAPs as NSA, CIA etc as designated post 9-11."
"231","Q","!ITPb.qbhqo","9","0","0","0","0","Q_BODY","1","T: B, F, J, 1,5,11-20, ^"
"232","Q","!ITPb.qbhqo","3","0","0","0","0","Q_BODY","0","_Conf_goTWIT_P_act-small#_"
"24","Anonymous","","1","0","0","0","0","Q_BODY","0","Any person making statements they will not be seeking re-election was put in submission. For the betterment of the count"
"240","Q","!ITPb.qbhqo","8","0","0","0","0","Q_BODY","0","_Start_IP_log_4ch_y"
"25","Anonymous","","6","2","0","0","-2","Q_BODY","4","Follow up to last post."
"26","Anonymous","","3","0","0","0","0","Q_BODY","2","Think about it logically."
"27","Anonymous","","1","0","0","0","0","Q_BODY","0","Not everything can be publicly disclosed because so much ties back to foreign heads of state. Much will be revealed, we "
"28","Anonymous","","2","0","1","0","1","QUOTED_ANONYMOUS_POST+Q_BODY","1",">>147450119"
"29","Anonymous","","4","2","0","2","-2","Q_BODY+UNKNOWN","0","Some things must remain classified to the very end. NK is not being run by Kim, he’s an actor in the play. Who is the di"
"3","Anonymous","","17","2","0","0","-2","Q_BODY","5","Open your eyes."
"30","Anonymous","","7","2","0","0","-2","Q_BODY","1","Would you believe a device was placed somewhere in the WH that could actually cause harm to anyone in the room and would"
"31","Anonymous","","4","2","0","0","-2","Q_BODY","1","World stalemate."
"32","Anonymous","","1","0","0","0","0","Q_BODY","0","Maybe one day but it cannot go slow. The initial wave will be fast and meaningful. It will send a signal to others immed"
"33","Anonymous","","3","0","0","0","0","Q_BODY","3","I’m hopeful my time spent here was not wasted."
"34","Anonymous","","2","0","0","0","0","Q_BODY","1","Q Clearance Patriot"
"35","Anonymous","","5","0","1","0","1","Q_BODY+QUOTED_THIRD_PARTY","5","POTUS will be well insulated/protected on AF1 and abroad (specific locations classified) while these operations are cond"
"356","Q","!ITPb.qbhqo","2","0","0","0","0","Q_BODY","0","Trip test."
"36","Anonymous","","25","4","0","0","-4","Q_BODY","4","Military Intelligence."
"37","Anonymous","","3","0","0","0","0","Q_BODY","3","They are the true Patriots. We will never forget. Let these coming days be remembered in our history as the time we foug"
"38","Anonymous","","11","0","0","0","0","Q_BODY","6","Four carriers & escorts in the pacific?"
"39","Anonymous","","10","0","0","0","0","Q_BODY","0","Would it blow your mind if I told you BO has been to NK and perhaps there now?"
"4","Anonymous","","10","5","0","0","-5","Q_BODY","4","Some of us come here to drop crumbs, just crumbs."
"40","Anonymous","","2","0","0","0","0","Q_BODY","0","4,10,20"
"41","Anonymous","","1","0","0","0","0","Q_BODY","1","What a coincidence the mountain that housed NK’s nuclear weapons and testing collapsed. Unbelievable timing. I wonder if"
"42","Anonymous","","1","0","0","0","0","Q_BODY","0","We serve at the pleasure of the President. DJT"
"43","Anonymous","","1","0","0","0","0","Q_BODY","1","These crumbs are not meant to scare anyone but merely inform. Resistance will be dealt with swiftly. The core focus is r"
"44","Anonymous","","1","0","0","0","0","Q_BODY","1","Before POTUS departs on Friday he will be sending an important message via Twitter. God bless."
"45","Anonymous","","11","0","0","0","0","Q_BODY","1","Follow Huma."
"46","Anonymous","","16","0","0","0","0","Q_BODY","0","Why is the information re: BO important re: U1 and export approval to Canada to EU?"
"47","Anonymous","","10","0","0","0","0","Q_BODY","1","You can paint the picture based solely on the questions asked."
"48","Anonymous","","17","0","0","0","0","Q_BODY","0","What is Q Clearance?"
"49","Anonymous","","13","0","0","0","0","Q_BODY","1","Follow Sen Grassley."
"5","Anonymous","","12","0","0","0","0","Q_BODY","3","Follow the money, it’s the key."
"50","Anonymous","","24","0","0","0","0","Q_BODY","2","BIG DROP:"
"51","Anonymous","","11","0","1","0","1","QUOTED_ANONYMOUS_POST+Q_BODY_LETTER_VOICE","3",">>147642589"
"52","Anonymous","","21","0","0","0","0","Q_BODY","1","Review BO's financial disclosure when he submitted pre-D election campaign."
"53","Anonymous","","10","0","0","0","0","Q_BODY","2","List out all who have foundations."
"54","Anonymous","","1","0","1","0","1","QUOTED_THIRD_PARTY","0","""For I know the plans I have for you,” declares the LORD, “plans to prosper you and not to harm you, plans to give you h"
"55","Anonymous","","3","0","0","0","0","Q_BODY","2","Look to Twitter:"
"56","Anonymous","","6","2","2","0","0","Q_BODY+QUOTED_THIRD_PARTY","0","http://thehill.com/blogs/pundits-blog/presidential-campaign/292310-huma-abedins-ties-to-the-muslim-brotherhood"
"57","Anonymous","","5","0","0","0","0","Q_BODY","0","Senator McCain and others roundly criticized Rep. Michele Bachmann in 2012 when she and four members of the House Perman"
"58","Anonymous","","5","0","0","0","0","Q_BODY","0",">>147661217Senator McCain and others roundly criticized Rep. Michele Bachmann in 2012 when she and four members of the H"
"59","Anonymous","","16","4","0","0","-4","Q_BODY","2","How did SA welcome POTUS during his trip?"
"6","Anonymous","","19","4","0","0","-4","Q_BODY","6","Some of us come here to drop crumbs, just crumbs."
"60","Anonymous","","7","0","0","0","0","Q_BODY","0","You can count the people who have the full picture on two hands."
"61","Anonymous","","7","0","0","0","0","Q_BODY","2","Please refer back and collect my crumbs."
"62","Anonymous","","5","0","0","0","0","Q_BODY","0","Highly recommend someone take all my crumbs and put into a massive dump (a single shot). This will be considered the big"
"63","Anonymous","","9","0","0","0","0","Q_BODY","1","To those watching (you know who you are):"
"64","Anonymous","","10","0","0","0","0","Q_BODY","2","Fellow Patriots,"
"65","Anonymous","","6","0","0","0","0","Q_BODY","0",":::::Flash Traffic:::::"
"66","Anonymous","","8","0","1","0","1","QUOTED_ANONYMOUS_POST+Q_BODY","1",">>147688276"
"67","Anonymous","","44","0","0","0","0","Q_BODY","2","Where is John Podesta?"
"68","Anonymous","","18","0","0","0","0","Q_BODY","1","What data just dropped?"
"69","Anonymous","","4","2","1","0","-1","Q_BODY+QUOTED_SCRIPTURE","0","God speed to those who will be put in harms way. You are the bravest men and women on earth."
"7","Anonymous","","1","0","0","0","0","Q_BODY","2","Why wasn’t HRC prosecuted for the emails? Put simply, Obama ultimately OK’d by using the non govt email addy to communic"
"70","Anonymous","","33","0","0","0","0","Q_BODY","3","[Repost]"
"71","Anonymous","","54","0","0","0","0","Q_BODY","3","Follow HUMA."
"72","Anonymous","","7","0","1","0","1","QUOTED_ANONYMOUS_POST+Q_BODY","0",">>147977181"
"73","Anonymous","","23","0","0","0","0","Q_BODY","0","What was POTUS' last Tweet (prior to)?"
"74","Anonymous","","5","0","0","0","0","Q_BODY","1","Q = Alice"
"75","Anonymous","","16","0","0","0","0","Q_BODY","0","By the time POTUS returns from his trip the world will be a different place."
"76","Anonymous","","23","0","0","0","0","Q_BODY","3","[Repost Lost]"
"77","Anonymous","","55","0","0","0","0","Q_BODY","3","[Repost Lost]"
"78","Anonymous","","36","0","0","0","0","Q_BODY","1","[Repost Lost]"
"79","Anonymous","","4","0","0","0","0","Q_BODY","2","Graphic is right."
"8","Anonymous","","17","0","0","0","0","Q_BODY","0","Huma"
"80","Anonymous","","8","0","0","0","0","Q_BODY","2","We need to get organized."
"81","Anonymous","","6","0","0","0","0","Q_BODY","0","When big news drops please re-read entire graphic."
"82","Anonymous","","5","0","0","0","0","Q_BODY","1","[Repost]Things need to be solved to understand what is about to happen."
"83","Anonymous","","7","0","0","0","0","Q_BODY","0","Simplified."
"84","Anonymous","","9","0","0","0","0","Q_BODY","1","Please add crumbs above in new complete graphic."
"85","Anonymous","","14","0","0","0","0","Q_BODY","0","Who funds MS13?"
"86","Anonymous","","8","0","1","0","1","QUOTED_ANONYMOUS_POST+Q_BODY","2",">>148021760"
"87","Anonymous","","4","0","0","0","0","Q_BODY","0","My signatures all reference upcoming events about to drop if this hasn't been caught on."
"88","Anonymous","","24","0","0","0","0","Q_BODY","0","Ten days."
"89","Anonymous","","11","0","1","0","1","QUOTED_ANONYMOUS_POST+Q_BODY","0",">>148028820"
"9","Anonymous","","9","0","0","0","0","Q_BODY","0","Projection"
"90","Anonymous","","5","0","1","0","1","QUOTED_ANONYMOUS_POST+Q_BODY","0",">>148029846"
"91","Anonymous","","9","2","0","0","-2","Q_BODY","2","Why is MS13 a priority?"
"92","Anonymous","","49","0","0","0","0","Q_BODY","2","Seth Rich only mentioned because it directly relates to SA."
"93","Anonymous","","5","0","1","0","1","QUOTED_ANONYMOUS_POST+Q_BODY","0",">>148031978"
"94","Anonymous","","10","0","1","0","1","QUOTED_ANONYMOUS_POST+Q_BODY","2",">>148032489"
"95","Anonymous","","7","0","0","0","0","Q_BODY","2","What happened in SA will happen here, Asia, and EU."
"96","Anonymous","","12","0","1","0","1","QUOTED_ANONYMOUS_POST+Q_BODY","1",">>148033380"
"97","Anonymous","","54","0","0","0","0","Q_BODY","7","Game Theory."
"98","Anonymous","","10","0","1","0","1","QUOTED_ANONYMOUS_POST+Q_BODY","2",">>148136656"
"99","Anonymous","","26","0","0","0","0","Q_BODY","3","US assets."